{"type":"FeatureCollection","features":[{"type":"Feature","id":"way/44845889","properties":{"@id":44845889,"@type":"way","@bounds":{"minlat":37.5272595,"minlon":-77.3930897,"maxlat":37.530576,"maxlon":-77.3757067},"boat":"no","name":"Gillies Creek","waterway":"stream"},"geometry":{"type":"LineString","coordinates":[[-77.3757067,37.529827],[-77.3765595,37.5299675],[-77.3771139,37.5300465],[-77.3777661,37.5300711],[-77.3781542,37.5301019],[-77.3786589,37.5302682],[-77.378985,37.5304406],[-77.3792722,37.5305267],[-77.3795341,37.5305655],[-77.3796517,37.5305473],[-77.3797717,37.5305016],[-77.3800759,37.5302823],[-77.3803661,37.5301978],[-77.3806755,37.5301599],[-77.3810211,37.530219],[-77.3812438,37.5303865],[-77.381539,37.5304631],[-77.3819973,37.530576],[-77.3823777,37.5305329],[-77.3833151,37.5304923],[-77.3847179,37.5304248],[-77.3858841,37.5304447],[-77.3863752,37.5305133],[-77.3867151,37.5305336],[-77.3868585,37.53047],[-77.3868419,37.5303051],[-77.3868099,37.5300241],[-77.3867789,37.5297285],[-77.3868183,37.5295458],[-77.3868421,37.5295136],[-77.3869109,37.5294207],[-77.3870478,37.529309],[-77.3871023,37.5292646],[-77.3874553,37.5292126],[-77.3877125,37.5293939],[-77.3882716,37.5294453],[-77.3883953,37.5295094],[-77.388482,37.529483],[-77.3885683,37.5294086],[-77.3885095,37.5292205],[-77.3886253,37.5291028],[-77.388629,37.5288649],[-77.3886574,37.5285183],[-77.3887423,37.5283557],[-77.3888836,37.5282601],[-77.3890942,37.5282757],[-77.3893029,37.5283068],[-77.3898272,37.5283369],[-77.3904432,37.5281372],[-77.3906383,37.5280661],[-77.3907481,37.5279567],[-77.3907439,37.5278061],[-77.3908023,37.5277],[-77.3909208,37.5276786],[-77.3912416,37.5277691],[-77.391475,37.5277739],[-77.3917727,37.5277662],[-77.3918911,37.5277135],[-77.3919428,37.5275382],[-77.3920324,37.5273638],[-77.3921893,37.527324],[-77.3923308,37.5274104],[-77.3924941,37.5273984],[-77.3925831,37.5272595],[-77.3927075,37.5272994],[-77.3927632,37.5274323],[-77.3926426,37.5275902],[-77.392761,37.5276652],[-77.3929092,37.527754],[-77.3929552,37.5278943],[-77.3929918,37.528044],[-77.393,37.5280645],[-77.3930897,37.5282419]]}},{"type":"Feature","id":"way/76204441","properties":{"@id":76204441,"@type":"way","@bounds":{"minlat":37.5330562,"minlon":-77.4450899,"maxlat":37.5352163,"maxlon":-77.4360028},"name":"Haxall Canal","natural":"water","water":"canal","wikidata":"Q137797620"},"geometry":{"type":"Polygon","coordinates":[[[-77.4450899,37.5345132],[-77.444737,37.5345403],[-77.4443365,37.5346973],[-77.4438974,37.5348083],[-77.4436315,37.5348394],[-77.4429364,37.5348196],[-77.44236,37.5345499],[-77.4416166,37.5343421],[-77.4413767,37.534289],[-77.4403804,37.5339382],[-77.4400486,37.5338257],[-77.439907,37.5338033],[-77.4392222,37.533771],[-77.4389373,37.5337626],[-77.4381675,37.5337387],[-77.4371004,37.5337406],[-77.4365757,37.5337142],[-77.4363677,37.5336375],[-77.4362859,37.5335595],[-77.4361646,37.5333693],[-77.4361524,37.5333364],[-77.4361496,37.5333136],[-77.4361608,37.5332984],[-77.4361795,37.5332825],[-77.4362105,37.5332729],[-77.4362478,37.5332725],[-77.4362895,37.53327],[-77.4363222,37.5332633],[-77.4363541,37.5332482],[-77.4363684,37.5332292],[-77.4363585,37.5332108],[-77.4363428,37.5331972],[-77.4363156,37.5331767],[-77.4362652,37.5331233],[-77.4362095,37.5330949],[-77.4361406,37.5330689],[-77.4360851,37.5330562],[-77.4360028,37.533198],[-77.4360483,37.5332645],[-77.436063,37.5333567],[-77.4360866,37.5337625],[-77.4363703,37.5338448],[-77.4366926,37.5339022],[-77.4372086,37.5339152],[-77.4373767,37.5338726],[-77.4385592,37.5339021],[-77.4399842,37.5339533],[-77.4401548,37.5339973],[-77.4408151,37.5342368],[-77.4415208,37.5344494],[-77.4421262,37.5347948],[-77.442412,37.5349581],[-77.4424441,37.5350249],[-77.4432023,37.5351939],[-77.4434208,37.5352163],[-77.4436619,37.5351852],[-77.4445559,37.5349156],[-77.4447365,37.5348631],[-77.4447513,37.5348344],[-77.4448987,37.5347969],[-77.4449388,37.5347543],[-77.4449535,37.5346378],[-77.4450899,37.5345132]]]}},{"type":"Feature","id":"way/120865532","properties":{"@id":120865532,"@type":"way","@bounds":{"minlat":37.5318568,"minlon":-77.4348442,"maxlat":37.5335421,"maxlon":-77.4302058},"name":"James River and Kanawha Canal","natural":"water","salt":"no","source":"Bing","water":"canal","wikidata":"Q2936081"},"geometry":{"type":"Polygon","coordinates":[[[-77.4325957,37.5329267],[-77.4330249,37.5330501],[-77.4330893,37.5331011],[-77.4331386,37.5331885],[-77.4330984,37.5332932],[-77.4330623,37.5333759],[-77.4331576,37.5334174],[-77.433251,37.5333549],[-77.4334656,37.5332571],[-77.4337928,37.53324],[-77.4338786,37.533223],[-77.4340549,37.5331905],[-77.4342051,37.533182],[-77.4344196,37.5332585],[-77.4345055,37.5333011],[-77.4345216,37.5333777],[-77.4345859,37.5334287],[-77.4347584,37.5335421],[-77.4348442,37.5334583],[-77.4345806,37.5332968],[-77.4344679,37.533216],[-77.4342963,37.5331522],[-77.4341192,37.5331224],[-77.4338778,37.5331437],[-77.4335774,37.533182],[-77.4333038,37.5331097],[-77.4332395,37.5330458],[-77.4330034,37.5329863],[-77.4326011,37.5328331],[-77.4320754,37.5325098],[-77.431952,37.5324077],[-77.4314799,37.5321525],[-77.4313941,37.5321312],[-77.4311634,37.5320717],[-77.4310347,37.5320674],[-77.4309059,37.5321993],[-77.430686,37.5321185],[-77.4304285,37.5319611],[-77.4302434,37.5318568],[-77.4302058,37.5319015],[-77.4302568,37.5319568],[-77.4305304,37.5321397],[-77.4306967,37.5322163],[-77.4308585,37.5322531],[-77.4309757,37.5322546],[-77.4311473,37.5321525],[-77.4313466,37.5322021],[-77.4315121,37.5322461],[-77.4318179,37.5324248],[-77.4319091,37.5325098],[-77.4325957,37.5329267]]]}},{"type":"Feature","id":"way/167830270","properties":{"@id":167830270,"@type":"way","@bounds":{"minlat":37.525447,"minlon":-77.4420265,"maxlat":37.5281422,"maxlon":-77.4299937},"name":"Manchester Canal","waterway":"canal"},"geometry":{"type":"LineString","coordinates":[[-77.4420265,37.5281422],[-77.4416545,37.527885],[-77.441222,37.52759],[-77.4408241,37.527319],[-77.4402488,37.527024],[-77.4399244,37.5268971],[-77.4395352,37.5268285],[-77.4389642,37.5267599],[-77.4384668,37.5267462],[-77.4378829,37.5267187],[-77.4374245,37.5266707],[-77.436966,37.5266295],[-77.4363734,37.5266055],[-77.4357463,37.5265609],[-77.435556,37.5265301],[-77.4354922,37.5265071],[-77.4349937,37.5263277],[-77.4346477,37.5262351],[-77.4343665,37.5261665],[-77.4341805,37.5260773],[-77.4341459,37.5260052],[-77.434107,37.5258303],[-77.4339902,37.5257548],[-77.4336572,37.5257548],[-77.4334409,37.5257137],[-77.4332073,37.5255902],[-77.4329738,37.5254907],[-77.4327116,37.525447],[-77.4324764,37.5254941],[-77.4321632,37.5257093],[-77.4319775,37.5257486],[-77.4317108,37.5257034],[-77.4312999,37.5258028],[-77.4311462,37.5258415],[-77.4309965,37.5258792],[-77.4306044,37.525887],[-77.4304257,37.5258368],[-77.4301883,37.5257514],[-77.4299937,37.5256588]]}},{"type":"Feature","id":"way/235765792","properties":{"@id":235765792,"@type":"way","@bounds":{"minlat":37.5523794,"minlon":-77.5183049,"maxlat":37.5560258,"maxlon":-77.513904},"natural":"water","water":"canal"},"geometry":{"type":"Polygon","coordinates":[[[-77.5181574,37.5560061],[-77.518215,37.5560159],[-77.5182735,37.5560258],[-77.5183013,37.5559427],[-77.5183049,37.5558838],[-77.5182509,37.5557317],[-77.5181412,37.5555138],[-77.5180479,37.5553506],[-77.5179686,37.5552104],[-77.5177988,37.5549776],[-77.5175881,37.5546849],[-77.5168679,37.5538917],[-77.5164999,37.5535747],[-77.5158876,37.5531734],[-77.5153992,37.5528985],[-77.5151939,37.5528003],[-77.5147232,37.5525842],[-77.5144224,37.5524495],[-77.5142383,37.5523794],[-77.5141619,37.5523855],[-77.513904,37.5524073],[-77.5139692,37.5524492],[-77.5140719,37.5525152],[-77.5142525,37.5525028],[-77.5142914,37.5525281],[-77.5143622,37.5526038],[-77.5144684,37.5525954],[-77.5145356,37.5526067],[-77.5145781,37.5526291],[-77.5146276,37.5527077],[-77.5147586,37.5528003],[-77.5148541,37.5528143],[-77.5150523,37.5528704],[-77.5152788,37.5530191],[-77.5154133,37.5531201],[-77.5155584,37.5531903],[-77.5157106,37.5534147],[-77.5158345,37.5534849],[-77.5158664,37.5533951],[-77.5158947,37.553339],[-77.5159902,37.5534007],[-77.5162132,37.553541],[-77.5163689,37.5536757],[-77.5165069,37.5537879],[-77.5167122,37.5539226],[-77.5168538,37.5540769],[-77.5172112,37.5544136],[-77.5177209,37.5550786],[-77.5180607,37.5556706],[-77.5181574,37.5560061]]]}},{"type":"Feature","id":"way/273392319","properties":{"@id":273392319,"@type":"way","@bounds":{"minlat":37.5224783,"minlon":-77.4172789,"maxlat":37.5227431,"maxlon":-77.4163391},"boat":"no","name":"Gillies Creek","surface":"concrete","swimming":"no","tunnel":"culvert","waterway":"stream"},"geometry":{"type":"LineString","coordinates":[[-77.4163391,37.5226993],[-77.4165284,37.5227431],[-77.4167062,37.5227257],[-77.4170764,37.522593],[-77.4172789,37.5224783]]}},{"type":"Feature","id":"way/273392401","properties":{"@id":273392401,"@type":"way","@bounds":{"minlat":37.5218464,"minlon":-77.4163391,"maxlat":37.5226993,"maxlon":-77.41244},"boat":"no","name":"Gillies Creek","surface":"concrete","swimming":"no","waterway":"stream"},"geometry":{"type":"LineString","coordinates":[[-77.41244,37.5223844],[-77.4126531,37.5221447],[-77.4127946,37.5220402],[-77.4129817,37.521961],[-77.4131593,37.5219298],[-77.4134265,37.5219106],[-77.4136868,37.5219191],[-77.4142361,37.5219734],[-77.4144989,37.5219587],[-77.4147099,37.5219229],[-77.4149622,37.5218577],[-77.4151013,37.5218464],[-77.415238,37.5218627],[-77.4153628,37.5219058],[-77.4154695,37.5219687],[-77.4155722,37.5220402],[-77.4158031,37.5222944],[-77.416077,37.5225597],[-77.4162015,37.5226416],[-77.4163391,37.5226993]]}},{"type":"Feature","id":"way/273392402","properties":{"@id":273392402,"@type":"way","@bounds":{"minlat":37.5223844,"minlon":-77.41244,"maxlat":37.522752,"maxlon":-77.4120619},"boat":"no","name":"Gillies Creek","surface":"concrete","swimming":"no","tunnel":"culvert","waterway":"stream"},"geometry":{"type":"LineString","coordinates":[[-77.4120619,37.522752],[-77.41244,37.5223844]]}},{"type":"Feature","id":"way/303520434","properties":{"@id":303520434,"@type":"way","@bounds":{"minlat":37.5308653,"minlon":-77.4787795,"maxlat":37.5315689,"maxlon":-77.4758172},"name":"Foushee-Ritchie Mill Millrace","waterway":"ditch","width":"20"},"geometry":{"type":"LineString","coordinates":[[-77.4787795,37.5315689],[-77.4783299,37.5315035],[-77.4778965,37.5314388],[-77.4774547,37.5313488],[-77.4768812,37.5312025],[-77.4766125,37.5311342],[-77.4761224,37.5309766],[-77.4759562,37.5309187],[-77.4758172,37.5308653]]}},{"type":"Feature","id":"way/303522024","properties":{"@id":303522024,"@type":"way","@bounds":{"minlat":37.5291628,"minlon":-77.4758172,"maxlat":37.5308653,"maxlon":-77.4718051},"name":"Foushee-Ritchie Mill Millrace","waterway":"ditch","width":"11"},"geometry":{"type":"LineString","coordinates":[[-77.4758172,37.5308653],[-77.4756236,37.5307911],[-77.47519,37.5306151],[-77.4751689,37.5306065],[-77.4750714,37.5305644],[-77.4749262,37.5305018],[-77.4745346,37.5303529],[-77.4741644,37.5301615],[-77.4739063,37.5300166],[-77.4738157,37.5299658],[-77.4732203,37.5296297],[-77.4723003,37.5293243],[-77.4718051,37.5291628]]}},{"type":"Feature","id":"way/304580843","properties":{"@id":304580843,"@type":"way","@bounds":{"minlat":37.5281422,"minlon":-77.442142,"maxlat":37.5283429,"maxlon":-77.4420265},"waterway":"drain"},"geometry":{"type":"LineString","coordinates":[[-77.4421392,37.5283429],[-77.442142,37.528304],[-77.4421334,37.5282513],[-77.4420932,37.5282087],[-77.4420265,37.5281422]]}},{"type":"Feature","id":"way/304580844","properties":{"@id":304580844,"@type":"way","@bounds":{"minlat":37.5283429,"minlon":-77.4421392,"maxlat":37.5288018,"maxlon":-77.4420937},"tunnel":"yes","waterway":"drain"},"geometry":{"type":"LineString","coordinates":[[-77.4420937,37.5288018],[-77.4420991,37.5287103],[-77.4421334,37.5285576],[-77.4421368,37.5284295],[-77.4421392,37.5283429]]}},{"type":"Feature","id":"way/307593380","properties":{"@id":307593380,"@type":"way","@bounds":{"minlat":37.534643,"minlon":-77.453015,"maxlat":37.5365935,"maxlon":-77.4462396},"intermittent":"yes","name":"Dry Bed of the Kanawha Canal","natural":"water","water":"canal"},"geometry":{"type":"Polygon","coordinates":[[[-77.4529587,37.5347536],[-77.453015,37.534643],[-77.4521514,37.5347126],[-77.4514433,37.5347697],[-77.4513616,37.5347763],[-77.4509791,37.5348003],[-77.4501901,37.5348499],[-77.450109,37.534855],[-77.4497211,37.5349063],[-77.4496423,37.5349167],[-77.4492682,37.5350052],[-77.4489048,37.5350911],[-77.4488779,37.5350975],[-77.448564,37.5352017],[-77.448414,37.5352602],[-77.448117,37.535376],[-77.4479203,37.5354527],[-77.4477007,37.5355604],[-77.4476253,37.5355973],[-77.447594,37.5356228],[-77.4474206,37.5357641],[-77.447345,37.5358257],[-77.4471566,37.5360175],[-77.4469495,37.5362082],[-77.4468361,37.5363102],[-77.4466793,37.5363693],[-77.4465089,37.5364001],[-77.4464569,37.5364014],[-77.4462922,37.5364056],[-77.4462396,37.536432],[-77.4462696,37.5364996],[-77.4462649,37.5365285],[-77.4462632,37.536551],[-77.4462702,37.5365634],[-77.4462627,37.5365935],[-77.4464961,37.5365531],[-77.4465497,37.5365438],[-77.4467711,37.5364574],[-77.4468877,37.5364119],[-77.4470489,37.5362732],[-77.4473597,37.5360057],[-77.4474277,37.5359328],[-77.4475126,37.5358419],[-77.4477044,37.5357059],[-77.4477567,37.5356782],[-77.4478105,37.5356557],[-77.4480482,37.5355563],[-77.4481993,37.5354931],[-77.4487596,37.5352765],[-77.4488115,37.5352565],[-77.4488991,37.535235],[-77.4494631,37.5350963],[-77.4496029,37.5350619],[-77.4499194,37.5350162],[-77.450061,37.5349958],[-77.4504691,37.5349597],[-77.4509229,37.5349195],[-77.4513816,37.5349131],[-77.4515505,37.5348995],[-77.4521996,37.5348472],[-77.4529587,37.5347536]]]}},{"type":"Feature","id":"way/458407794","properties":{"@id":458407794,"@type":"way","@bounds":{"minlat":37.5035683,"minlon":-77.4192225,"maxlat":37.5081898,"maxlon":-77.4034786},"name":"Almond Creek","tunnel":"no","waterway":"stream","width":"4","wikidata":"Q49839480"},"geometry":{"type":"LineString","coordinates":[[-77.4034786,37.5077019],[-77.4043141,37.5081898],[-77.405623,37.5078579],[-77.4064491,37.5074834],[-77.4077795,37.5075345],[-77.4090777,37.5072451],[-77.4100325,37.5070749],[-77.4107728,37.5068621],[-77.4112449,37.5067004],[-77.4117492,37.5065898],[-77.4120972,37.5064736],[-77.4128328,37.5063344],[-77.4136267,37.5057216],[-77.4141095,37.5051344],[-77.4149678,37.5044365],[-77.4158154,37.5040534],[-77.417135,37.5035683],[-77.418197,37.503652],[-77.4192225,37.5038161]]}},{"type":"Feature","id":"way/458407795","properties":{"@id":458407795,"@type":"way","@bounds":{"minlat":37.502564,"minlon":-77.4033094,"maxlat":37.5083175,"maxlon":-77.3805422},"name":"Almond Creek","tunnel":"no","waterway":"stream","width":"4"},"geometry":{"type":"LineString","coordinates":[[-77.3805422,37.502636],[-77.3808716,37.502564],[-77.3831675,37.5027682],[-77.3863755,37.5029299],[-77.389283,37.5031257],[-77.3917184,37.5033385],[-77.3943041,37.5041641],[-77.3976193,37.5056195],[-77.3992823,37.5066919],[-77.4005268,37.5077643],[-77.401825,37.5082409],[-77.4027262,37.5083175],[-77.4033094,37.5076772]]}},{"type":"Feature","id":"way/751204374","properties":{"@id":751204374,"@type":"way","@bounds":{"minlat":37.522752,"minlon":-77.4120619,"maxlat":37.5234106,"maxlon":-77.4031809},"boat":"no","name":"Gillies Creek","surface":"concrete","swimming":"no","waterway":"stream"},"geometry":{"type":"LineString","coordinates":[[-77.4031809,37.5234106],[-77.4033313,37.5233423],[-77.4035892,37.52326],[-77.403807,37.5232145],[-77.4040354,37.5231938],[-77.4042963,37.5231919],[-77.4053685,37.5233249],[-77.4057901,37.523347],[-77.4062286,37.523341],[-77.4066241,37.5233169],[-77.411723,37.5228597],[-77.4120619,37.522752]]}},{"type":"Feature","id":"way/751204375","properties":{"@id":751204375,"@type":"way","@bounds":{"minlat":37.5234106,"minlon":-77.4031809,"maxlat":37.523562,"maxlon":-77.4029536},"boat":"no","layer":"-1","name":"Gillies Creek","surface":"concrete","swimming":"no","tunnel":"culvert","waterway":"stream"},"geometry":{"type":"LineString","coordinates":[[-77.4029536,37.523562],[-77.4031809,37.5234106]]}},{"type":"Feature","id":"way/756132221","properties":{"@id":756132221,"@type":"way","@bounds":{"minlat":37.5218132,"minlon":-77.4185737,"maxlat":37.5224783,"maxlon":-77.4172789},"boat":"no","name":"Gillies Creek","waterway":"stream"},"geometry":{"type":"LineString","coordinates":[[-77.4172789,37.5224783],[-77.417436,37.5223893],[-77.4185737,37.5218132]]}},{"type":"Feature","id":"way/1024124766","properties":{"@id":1024124766,"@type":"way","@bounds":{"minlat":37.5076772,"minlon":-77.4034786,"maxlat":37.5077019,"maxlon":-77.4033094},"name":"Almond Creek","waterway":"stream","width":"4"},"geometry":{"type":"LineString","coordinates":[[-77.4033094,37.5076772],[-77.4034786,37.5077019]]}},{"type":"Feature","id":"way/1024124769","properties":{"@id":1024124769,"@type":"way","@bounds":{"minlat":37.5026661,"minlon":-77.3804043,"maxlat":37.502964,"maxlon":-77.377889},"name":"Almond Creek","tunnel":"no","waterway":"stream","width":"4"},"geometry":{"type":"LineString","coordinates":[[-77.377889,37.5027257],[-77.3781143,37.502964],[-77.3790799,37.5029555],[-77.3804043,37.5026661]]}},{"type":"Feature","id":"way/1024124770","properties":{"@id":1024124770,"@type":"way","@bounds":{"minlat":37.502636,"minlon":-77.3805422,"maxlat":37.5026661,"maxlon":-77.3804043},"layer":"-1","name":"Almond Creek","tunnel":"culvert","waterway":"stream","width":"4"},"geometry":{"type":"LineString","coordinates":[[-77.3804043,37.5026661],[-77.3805422,37.502636]]}},{"type":"Feature","id":"way/1157913898","properties":{"@id":1157913898,"@type":"way","@bounds":{"minlat":37.5353619,"minlon":-77.3640615,"maxlat":37.5375319,"maxlon":-77.3612981},"name":"Gillies Creek","waterway":"stream"},"geometry":{"type":"LineString","coordinates":[[-77.3612981,37.5375319],[-77.3614905,37.5373282],[-77.361503,37.5371907],[-77.3616898,37.5370436],[-77.3620552,37.5369476],[-77.3621946,37.5368191],[-77.3620411,37.5367292],[-77.3621168,37.5366193],[-77.3625829,37.5366055],[-77.3627709,37.5365306],[-77.3628589,37.5363681],[-77.362922,37.5361682],[-77.3627844,37.5360954],[-77.362837,37.5358211],[-77.3629063,37.5357245],[-77.3630327,37.5356595],[-77.3631199,37.5357601],[-77.3635557,37.5360339],[-77.3638286,37.5357576],[-77.3640615,37.5353619]]}},{"type":"Feature","id":"way/1157913899","properties":{"@id":1157913899,"@type":"way","@bounds":{"minlat":37.5351806,"minlon":-77.364285,"maxlat":37.5353619,"maxlon":-77.3640615},"layer":"-1","name":"Gillies Creek","tunnel":"culvert","waterway":"stream"},"geometry":{"type":"LineString","coordinates":[[-77.3640615,37.5353619],[-77.364285,37.5351806]]}},{"type":"Feature","id":"way/1157913900","properties":{"@id":1157913900,"@type":"way","@bounds":{"minlat":37.5305932,"minlon":-77.3742775,"maxlat":37.5351806,"maxlon":-77.364285},"name":"Gillies Creek","waterway":"stream"},"geometry":{"type":"LineString","coordinates":[[-77.364285,37.5351806],[-77.364469,37.5350211],[-77.3648668,37.5349075],[-77.3650224,37.5346303],[-77.3654548,37.5343378],[-77.3656765,37.5342914],[-77.3660664,37.534491],[-77.3665297,37.5341501],[-77.3667608,37.5337749],[-77.3668473,37.5335924],[-77.3670696,37.5335618],[-77.367296,37.5337639],[-77.367507,37.5337521],[-77.3677236,37.5336026],[-77.3681354,37.5333992],[-77.3681871,37.5333514],[-77.3681075,37.5331453],[-77.3684642,37.5327488],[-77.3690235,37.5326972],[-77.3690778,37.5325445],[-77.368997,37.5322207],[-77.3696179,37.531988],[-77.3699107,37.5320491],[-77.3700643,37.5320001],[-77.3700592,37.5317273],[-77.3698893,37.5315927],[-77.3695451,37.5314838],[-77.3696117,37.531295],[-77.3697727,37.5313116],[-77.3698303,37.5312292],[-77.3700977,37.5312799],[-77.3702269,37.5311969],[-77.3701138,37.5311064],[-77.3704383,37.5309429],[-77.3711097,37.5310114],[-77.3713384,37.5311211],[-77.3713388,37.5312524],[-77.3713055,37.5315265],[-77.3714707,37.5316423],[-77.3716159,37.5316144],[-77.3717566,37.5314962],[-77.3719122,37.531429],[-77.3719387,37.5311644],[-77.3719502,37.530932],[-77.3720484,37.5308571],[-77.3723237,37.530822],[-77.3725326,37.5308919],[-77.3727088,37.5308499],[-77.3728958,37.530902],[-77.3732936,37.5311208],[-77.3734473,37.5310836],[-77.373613,37.5308839],[-77.3740845,37.5307023],[-77.3742775,37.5305932]]}},{"type":"Feature","id":"way/1157913901","properties":{"@id":1157913901,"@type":"way","@bounds":{"minlat":37.529827,"minlon":-77.3757067,"maxlat":37.529827,"maxlon":-77.3754176},"layer":"-1","name":"Gillies Creek","tunnel":"culvert","waterway":"stream"},"geometry":{"type":"LineString","coordinates":[[-77.3754176,37.529827],[-77.3757067,37.529827]]}},{"type":"Feature","id":"way/1157913902","properties":{"@id":1157913902,"@type":"way","@bounds":{"minlat":37.529827,"minlon":-77.3754176,"maxlat":37.5299742,"maxlon":-77.3749701},"name":"Gillies Creek","waterway":"stream"},"geometry":{"type":"LineString","coordinates":[[-77.3749701,37.5299742],[-77.375173,37.5298752],[-77.3754176,37.529827]]}},{"type":"Feature","id":"way/1157913903","properties":{"@id":1157913903,"@type":"way","@bounds":{"minlat":37.5299742,"minlon":-77.3749701,"maxlat":37.5305932,"maxlon":-77.3742775},"layer":"-1","name":"Gillies Creek","tunnel":"culvert","waterway":"stream"},"geometry":{"type":"LineString","coordinates":[[-77.3742775,37.5305932],[-77.3749701,37.5299742]]}},{"type":"Feature","id":"way/1195913817","properties":{"@id":1195913817,"@type":"way","@bounds":{"minlat":37.5280645,"minlon":-77.393,"maxlat":37.5308819,"maxlon":-77.3907242},"intermittent":"no","name":"Stony Run","waterway":"stream"},"geometry":{"type":"LineString","coordinates":[[-77.3907452,37.5308819],[-77.3908786,37.5307405],[-77.390943,37.530688],[-77.3910999,37.5307054],[-77.391206,37.5305786],[-77.391263,37.5301498],[-77.3912759,37.5298931],[-77.3912832,37.5294133],[-77.3911987,37.5292251],[-77.3909338,37.5291507],[-77.3907462,37.5290428],[-77.3907242,37.5289261],[-77.3908272,37.5288211],[-77.3909449,37.5287978],[-77.3910442,37.5288153],[-77.3912409,37.5287205],[-77.3915481,37.5286651],[-77.3916676,37.5285586],[-77.3920888,37.5283282],[-77.3923628,37.5281969],[-77.3925007,37.5281313],[-77.3927674,37.5280758],[-77.393,37.5280645]]}},{"type":"Feature","id":"way/1195913818","properties":{"@id":1195913818,"@type":"way","@bounds":{"minlat":37.5308819,"minlon":-77.3910677,"maxlat":37.536059,"maxlon":-77.388866},"intermittent":"no","name":"Stony Run","waterway":"stream"},"geometry":{"type":"LineString","coordinates":[[-77.3899053,37.536059],[-77.3889487,37.5359307],[-77.388866,37.5358508],[-77.3889242,37.535784],[-77.3893407,37.5353062],[-77.3895467,37.5350884],[-77.389837,37.5350067],[-77.3900204,37.5348499],[-77.390006,37.5345961],[-77.3906281,37.5342852],[-77.3909014,37.5339459],[-77.3910021,37.5337519],[-77.3910677,37.5336699],[-77.3910365,37.5335739],[-77.3906497,37.5334639],[-77.390531,37.5333413],[-77.390549,37.5331588],[-77.3905662,37.5331068],[-77.3906713,37.532788],[-77.3908456,37.5326159],[-77.3908763,37.5325855],[-77.3909446,37.5323517],[-77.39079,37.532115],[-77.3905382,37.5319952],[-77.3905346,37.5319125],[-77.3905055,37.5317806],[-77.3906076,37.5316725],[-77.3907272,37.5315873],[-77.3907385,37.5314387],[-77.3905922,37.5312908],[-77.3907135,37.5310408],[-77.3907452,37.5308819]]}},{"type":"Feature","id":"way/1195913819","properties":{"@id":1195913819,"@type":"way","@bounds":{"minlat":37.5360895,"minlon":-77.3905453,"maxlat":37.5404599,"maxlon":-77.3889491},"waterway":"stream"},"geometry":{"type":"LineString","coordinates":[[-77.3890721,37.5404599],[-77.3891085,37.5402486],[-77.389174,37.5399855],[-77.389129,37.5397315],[-77.3889491,37.5394536],[-77.3891082,37.5392416],[-77.389173,37.5390262],[-77.3892068,37.5389712],[-77.3893793,37.5388775],[-77.3895545,37.5388247],[-77.3897321,37.5386804],[-77.3896417,37.5384035],[-77.3896528,37.5382645],[-77.3897781,37.5381141],[-77.3898211,37.5380877],[-77.3898963,37.5380581],[-77.3901837,37.5380332],[-77.3902411,37.5378743],[-77.3903895,37.5376854],[-77.3905008,37.5375111],[-77.3904829,37.5371196],[-77.3905453,37.5369222],[-77.3903179,37.5366477],[-77.3904466,37.5365126],[-77.3905312,37.5364404],[-77.3905277,37.5362737],[-77.3902788,37.536111],[-77.3901247,37.5360895]]}},{"type":"Feature","id":"way/1257244648","properties":{"@id":1257244648,"@type":"way","@bounds":{"minlat":37.5469803,"minlon":-77.3621948,"maxlat":37.547277,"maxlon":-77.3621352},"layer":"-1","name":"Gillies Creek","tunnel":"culvert","waterway":"stream"},"geometry":{"type":"LineString","coordinates":[[-77.3621948,37.547277],[-77.3621352,37.5469803]]}},{"type":"Feature","id":"way/1257244649","properties":{"@id":1257244649,"@type":"way","@bounds":{"minlat":37.5439225,"minlon":-77.3622367,"maxlat":37.5440881,"maxlon":-77.3622169},"layer":"-1","name":"Gillies Creek","tunnel":"culvert","waterway":"stream"},"geometry":{"type":"LineString","coordinates":[[-77.3622367,37.5440881],[-77.3622169,37.5439225]]}},{"type":"Feature","id":"way/1257244650","properties":{"@id":1257244650,"@type":"way","@bounds":{"minlat":37.5440881,"minlon":-77.3625537,"maxlat":37.5469803,"maxlon":-77.3621352},"name":"Gillies Creek","waterway":"stream"},"geometry":{"type":"LineString","coordinates":[[-77.3621352,37.5469803],[-77.3622791,37.5467621],[-77.362365,37.5466666],[-77.3624149,37.5464512],[-77.3624892,37.5461562],[-77.3625242,37.5460209],[-77.3625537,37.5457964],[-77.3625215,37.5454856],[-77.3624287,37.5452285],[-77.3623754,37.5448554],[-77.3622985,37.5443401],[-77.3622367,37.5440881]]}},{"type":"Feature","id":"way/1266207415","properties":{"@id":1266207415,"@type":"way","@bounds":{"minlat":37.523562,"minlon":-77.4029536,"maxlat":37.5283976,"maxlon":-77.3930897},"boat":"no","name":"Gillies Creek","surface":"concrete","swimming":"no","waterway":"stream"},"geometry":{"type":"LineString","coordinates":[[-77.3930897,37.5282419],[-77.3932389,37.5283393],[-77.393248,37.5283453],[-77.3934223,37.5283889],[-77.3935614,37.5283976],[-77.39374,37.5283891],[-77.3938915,37.5283442],[-77.3940146,37.528279],[-77.3941156,37.528201],[-77.3957908,37.5260913],[-77.3959543,37.5258932],[-77.3960529,37.5257738],[-77.3961922,37.5256522],[-77.3963554,37.5255414],[-77.3964942,37.5254767],[-77.39667,37.5254119],[-77.398491,37.5248812],[-77.3992463,37.5247314],[-77.4022689,37.5244099],[-77.4024043,37.5243815],[-77.4025059,37.5243157],[-77.4025631,37.5242361],[-77.4025902,37.5241378],[-77.4025735,37.5239729],[-77.4025782,37.5238861],[-77.4026312,37.5238027],[-77.4027098,37.523723],[-77.4027867,37.5236661],[-77.4029536,37.523562]]}},{"type":"Feature","id":"way/1352130161","properties":{"@id":1352130161,"@type":"way","@bounds":{"minlat":37.5376179,"minlon":-77.3612169,"maxlat":37.5381431,"maxlon":-77.3607211},"name":"Gillies Creek","waterway":"stream"},"geometry":{"type":"LineString","coordinates":[[-77.3607211,37.5381431],[-77.3608762,37.5380384],[-77.3609965,37.5379012],[-77.3612169,37.5376179]]}},{"type":"Feature","id":"way/1352130162","properties":{"@id":1352130162,"@type":"way","@bounds":{"minlat":37.5375319,"minlon":-77.3612981,"maxlat":37.5376179,"maxlon":-77.3612169},"layer":"-1","name":"Gillies Creek","tunnel":"culvert","waterway":"stream"},"geometry":{"type":"LineString","coordinates":[[-77.3612169,37.5376179],[-77.3612981,37.5375319]]}},{"type":"Feature","id":"way/1352130163","properties":{"@id":1352130163,"@type":"way","@bounds":{"minlat":37.543256,"minlon":-77.3622169,"maxlat":37.5439225,"maxlon":-77.361096},"name":"Gillies Creek","waterway":"stream"},"geometry":{"type":"LineString","coordinates":[[-77.3622169,37.5439225],[-77.3621324,37.5437952],[-77.3620817,37.5437916],[-77.3620102,37.543885],[-77.3618895,37.5438708],[-77.361499,37.5436959],[-77.361359,37.5435577],[-77.361096,37.543256]]}},{"type":"Feature","id":"way/1352139583","properties":{"@id":1352139583,"@type":"way","@bounds":{"minlat":37.5282265,"minlon":-77.3888836,"maxlat":37.529309,"maxlon":-77.387045},"name":"Gillies Creek","waterway":"stream"},"geometry":{"type":"LineString","coordinates":[[-77.3870478,37.529309],[-77.387045,37.5292505],[-77.3870455,37.5292239],[-77.3870767,37.5291706],[-77.3871234,37.5291355],[-77.3871955,37.5290988],[-77.3872047,37.5290486],[-77.3871862,37.528986],[-77.3871823,37.5288478],[-77.3872183,37.5288262],[-77.3873006,37.5288248],[-77.3875675,37.5287559],[-77.3876844,37.5288101],[-77.3878627,37.5289028],[-77.3881632,37.5288725],[-77.3882506,37.5286921],[-77.3883786,37.5284813],[-77.3885708,37.5283757],[-77.388653,37.5282591],[-77.3887844,37.5282265],[-77.3888836,37.5282601]]}},{"type":"Feature","id":"way/1352144236","properties":{"@id":1352144236,"@type":"way","@bounds":{"minlat":37.5364404,"minlon":-77.4004598,"maxlat":37.5387803,"maxlon":-77.3905312},"waterway":"stream"},"geometry":{"type":"LineString","coordinates":[[-77.4004598,37.5387119],[-77.4002226,37.5386351],[-77.400056,37.5387146],[-77.3999506,37.5387016],[-77.3998155,37.5387308],[-77.3996793,37.5387235],[-77.3994849,37.5386805],[-77.3993877,37.538635],[-77.3993017,37.5386424],[-77.3992761,37.5386854],[-77.3993129,37.538704],[-77.3993498,37.5387406],[-77.3992751,37.5387649],[-77.399186,37.5387803],[-77.3991041,37.5387673],[-77.3989701,37.5387016],[-77.3988432,37.5386708],[-77.3987582,37.5386318],[-77.398661,37.5386237],[-77.398576,37.5386083],[-77.3984727,37.538532],[-77.3983253,37.538463],[-77.3982475,37.5384735],[-77.398184,37.5384898],[-77.3981165,37.5384735],[-77.3980776,37.5384346],[-77.3980909,37.5383794],[-77.3980694,37.5383096],[-77.3979875,37.538256],[-77.3979067,37.5382122],[-77.3978678,37.5381254],[-77.3977542,37.5380816],[-77.3976191,37.5380653],[-77.3974379,37.5380053],[-77.3973448,37.5379947],[-77.3972649,37.5379582],[-77.3971872,37.5379306],[-77.3971155,37.5379663],[-77.3970869,37.5380069],[-77.3970367,37.5380077],[-77.3970111,37.5379655],[-77.3969528,37.5379452],[-77.3968371,37.5379606],[-77.396746,37.537959],[-77.3967092,37.5379119],[-77.3967041,37.5378511],[-77.3966437,37.5378389],[-77.3965219,37.53786],[-77.3964308,37.5378949],[-77.3963336,37.5378137],[-77.3962834,37.5376376],[-77.3961493,37.5375159],[-77.3959221,37.5374932],[-77.3958474,37.5374372],[-77.395787,37.5373146],[-77.395697,37.5372667],[-77.3955076,37.537201],[-77.3953756,37.5371109],[-77.3953101,37.5370046],[-77.3948147,37.5369851],[-77.3947861,37.53705],[-77.3946991,37.5370622],[-77.3946233,37.5369932],[-77.3945087,37.5369445],[-77.3943275,37.5369242],[-77.3942016,37.536938],[-77.3941453,37.5370208],[-77.3940788,37.5371629],[-77.3938762,37.5372578],[-77.3938291,37.5372148],[-77.393827,37.5371036],[-77.3937493,37.5370638],[-77.3937469,37.5370344],[-77.393739,37.5369356],[-77.3936377,37.5368788],[-77.3933347,37.5367498],[-77.3931618,37.5367116],[-77.3931546,37.5367847],[-77.3931464,37.5369389],[-77.3930062,37.5369689],[-77.3929131,37.5368861],[-77.3928158,37.5368731],[-77.392607,37.5369056],[-77.3921966,37.5368569],[-77.3917872,37.5368139],[-77.3914413,37.5367773],[-77.3911005,37.536671],[-77.3905365,37.5365022],[-77.3905312,37.5364404]]}},{"type":"Feature","id":"way/1467679096","properties":{"@id":1467679096,"@type":"way","@bounds":{"minlat":37.5337931,"minlon":-77.4359865,"maxlat":37.5342507,"maxlon":-77.4352825},"name":"James River and Kanawha Canal","natural":"water","salt":"no","water":"canal","wikidata":"Q2936081"},"geometry":{"type":"Polygon","coordinates":[[[-77.4353042,37.5338166],[-77.4352825,37.5338384],[-77.4359415,37.5342507],[-77.4359624,37.5342297],[-77.4359865,37.5342056],[-77.4353276,37.5337931],[-77.4353042,37.5338166]]]}},{"type":"Feature","id":"way/1469011519","properties":{"@id":1469011519,"@type":"way","@bounds":{"minlat":37.5253965,"minlon":-77.4346145,"maxlat":37.5262663,"maxlon":-77.4309928},"name":"Manchester Canal","natural":"water","water":"canal"},"geometry":{"type":"Polygon","coordinates":[[[-77.4310616,37.5260253],[-77.4311481,37.52594],[-77.4312135,37.5259092],[-77.4312557,37.5258591],[-77.4313665,37.525845],[-77.4314397,37.5258741],[-77.4315284,37.5258635],[-77.4315451,37.5258151],[-77.4316959,37.5257764],[-77.4317425,37.5257879],[-77.4318589,37.5257791],[-77.4319021,37.5257958],[-77.4319964,37.5257852],[-77.4321339,37.5258028],[-77.4321661,37.5257844],[-77.4322437,37.5257149],[-77.4323523,37.525656],[-77.4324655,37.5255847],[-77.4326806,37.5254889],[-77.4329589,37.5254985],[-77.4331275,37.5256085],[-77.4333093,37.5257624],[-77.4336963,37.5258503],[-77.4338482,37.5258494],[-77.433846,37.5258275],[-77.4339336,37.5258222],[-77.4340767,37.5258661],[-77.4341177,37.5259444],[-77.4341288,37.5260746],[-77.4340911,37.5260807],[-77.4340966,37.5260966],[-77.4344681,37.5262663],[-77.4345779,37.5262496],[-77.4346145,37.5262118],[-77.4345801,37.5261537],[-77.4345413,37.5260825],[-77.434416,37.5261027],[-77.4342851,37.5260244],[-77.4342208,37.5259145],[-77.434263,37.5258195],[-77.4341698,37.5257659],[-77.434049,37.5256859],[-77.4339192,37.5257096],[-77.4336664,37.5256911],[-77.4335333,37.5256779],[-77.4334025,37.5256621],[-77.4332583,37.5255821],[-77.4330676,37.5254845],[-77.4329767,37.5254229],[-77.4327693,37.5254132],[-77.4327394,37.5253965],[-77.4323956,37.5254713],[-77.432349,37.5254994],[-77.4323501,37.5255276],[-77.4323767,37.5255601],[-77.4322914,37.5255478],[-77.4322503,37.5255645],[-77.4321938,37.5256498],[-77.4320075,37.5257202],[-77.4318467,37.5256947],[-77.4318145,37.5256393],[-77.4317513,37.5256208],[-77.4315351,37.5257184],[-77.4314442,37.5257281],[-77.4310938,37.5258037],[-77.4310305,37.5258873],[-77.4309928,37.5260121],[-77.4310616,37.5260253]]]}},{"type":"Feature","id":"way/1481606112","properties":{"@id":1481606112,"@type":"way","@bounds":{"minlat":37.5753274,"minlon":-77.5390366,"maxlat":37.575927,"maxlon":-77.5381888},"natural":"water","water":"canal"},"geometry":{"type":"Polygon","coordinates":[[[-77.5384338,37.575927],[-77.5390366,37.5753915],[-77.5390061,37.5753737],[-77.5388811,37.5753274],[-77.538597,37.5753452],[-77.5382698,37.5753466],[-77.5382023,37.575378],[-77.5381888,37.5754179],[-77.5382959,37.5758291],[-77.5384338,37.575927]]]}},{"type":"Feature","id":"relation/367933","bbox":[-77.4365532,37.3904345,-77.3815524,37.5242525],"properties":{"@id":367933,"@type":"relation","natural":"water","type":"multipolygon","water":"river"},"geometry":{"type":"Polygon","coordinates":[[[-77.420351,37.5223465],[-77.419836,37.5221082],[-77.4189777,37.5213934],[-77.4184198,37.5204404],[-77.4182949,37.5201511],[-77.4187939,37.519896],[-77.4187343,37.5197922],[-77.4182855,37.519954],[-77.4182141,37.5196809],[-77.4180765,37.5190448],[-77.4180335,37.5175131],[-77.4180335,37.5170473],[-77.4180314,37.5169154],[-77.4180156,37.5159144],[-77.4181666,37.5156022],[-77.4181365,37.5146249],[-77.4180704,37.5140576],[-77.4181155,37.5133782],[-77.4180374,37.5132423],[-77.4180704,37.5130374],[-77.4180434,37.5127823],[-77.4180915,37.5126345],[-77.4180674,37.5123866],[-77.4180854,37.5120052],[-77.4181546,37.5107704],[-77.4182177,37.5103676],[-77.418191,37.5099737],[-77.4182507,37.5096667],[-77.4182569,37.5096004],[-77.4183033,37.5093347],[-77.4183898,37.5090793],[-77.4183864,37.5088212],[-77.4184798,37.5087471],[-77.4184729,37.508651],[-77.4184279,37.5085521],[-77.4185145,37.5084286],[-77.4184798,37.5082116],[-77.4184522,37.5080112],[-77.4186045,37.5078739],[-77.4186252,37.5070089],[-77.4187741,37.5067975],[-77.4187913,37.5066484],[-77.4187392,37.5065784],[-77.4188078,37.5065189],[-77.4189195,37.5062208],[-77.4190025,37.505927],[-77.4189261,37.5058201],[-77.4189517,37.5057528],[-77.4191202,37.50571],[-77.4192172,37.5055151],[-77.4192656,37.5053009],[-77.419366,37.5051444],[-77.4194837,37.5047813],[-77.4194201,37.5046739],[-77.4194776,37.5046246],[-77.4200506,37.5036579],[-77.4204358,37.503222],[-77.4229727,37.4996741],[-77.4240275,37.4981282],[-77.4242676,37.4972573],[-77.4242796,37.4961813],[-77.424256,37.4954976],[-77.4240953,37.4946438],[-77.4239357,37.493874],[-77.423845,37.4931125],[-77.4234666,37.4921095],[-77.422955,37.4888077],[-77.4230541,37.4853064],[-77.4230228,37.4836073],[-77.4231786,37.4835148],[-77.423464,37.4834763],[-77.4237042,37.4838096],[-77.4240112,37.4841368],[-77.4242509,37.4843262],[-77.4245998,37.4841219],[-77.4242089,37.483534],[-77.4235178,37.4826914],[-77.4233038,37.4827523],[-77.4232302,37.4823421],[-77.4231094,37.4815858],[-77.4231001,37.4813006],[-77.4231499,37.4806636],[-77.4229727,37.4788343],[-77.4233161,37.4751561],[-77.4233161,37.4731126],[-77.4232302,37.4719886],[-77.4227582,37.4689232],[-77.4225365,37.4680286],[-77.4223458,37.4672866],[-77.4219547,37.4655713],[-77.4218409,37.4652491],[-77.421693,37.4648999],[-77.4215792,37.4645687],[-77.4216209,37.4641743],[-77.4215602,37.4640057],[-77.4213744,37.46353],[-77.421344,37.4631687],[-77.4212378,37.4628405],[-77.4211582,37.462693],[-77.4211126,37.4624039],[-77.421105,37.4619974],[-77.421033,37.4614615],[-77.4210292,37.4610851],[-77.4209078,37.4607931],[-77.4208395,37.4605191],[-77.4208433,37.4601939],[-77.4208661,37.4599079],[-77.4208623,37.4595255],[-77.4209091,37.4591757],[-77.4208952,37.4590086],[-77.4205937,37.4590168],[-77.4205413,37.4576457],[-77.4205054,37.4566194],[-77.4204597,37.4561112],[-77.4204015,37.4547039],[-77.4205444,37.4546762],[-77.4205828,37.4546488],[-77.4206977,37.4544799],[-77.4207009,37.454445],[-77.4206364,37.4543063],[-77.4205973,37.4541798],[-77.420604,37.4541423],[-77.4206304,37.4541151],[-77.4206673,37.4541033],[-77.4206775,37.4540706],[-77.4206418,37.4538495],[-77.4206529,37.4537726],[-77.4206061,37.4532898],[-77.4205902,37.4532706],[-77.4205438,37.4532517],[-77.4205285,37.4532209],[-77.4205036,37.4531225],[-77.4205355,37.4530756],[-77.4205151,37.4529972],[-77.4204234,37.4528815],[-77.4204113,37.4528496],[-77.4203707,37.4525681],[-77.4203749,37.4525388],[-77.4204231,37.4524665],[-77.4204167,37.4524565],[-77.4203372,37.4524481],[-77.420318,37.4524195],[-77.4203283,37.4523822],[-77.4203478,37.4523642],[-77.4204019,37.4523576],[-77.4203544,37.452335],[-77.4203492,37.4523081],[-77.4203894,37.4522924],[-77.4203368,37.4522536],[-77.4203848,37.452206],[-77.4203911,37.4521723],[-77.4203435,37.4521544],[-77.4203351,37.4521162],[-77.4204086,37.4520791],[-77.4203466,37.4520416],[-77.4203448,37.4517772],[-77.4203623,37.4517532],[-77.4204387,37.45171],[-77.420396,37.4516802],[-77.420343,37.4516085],[-77.4203029,37.4514297],[-77.4203134,37.4514062],[-77.42034,37.4513919],[-77.420302,37.4513587],[-77.4202826,37.4512638],[-77.4202955,37.4511935],[-77.4204103,37.4510564],[-77.4203884,37.4510443],[-77.4202646,37.4510529],[-77.4202485,37.4510336],[-77.4202578,37.4509936],[-77.4203112,37.4509207],[-77.4203242,37.4508338],[-77.4203234,37.4507057],[-77.4202962,37.4504612],[-77.420299,37.45029],[-77.4203154,37.4502144],[-77.4203641,37.4501707],[-77.4203792,37.4501392],[-77.4203308,37.4500816],[-77.4203632,37.4500638],[-77.4203655,37.4500474],[-77.4203355,37.4500441],[-77.4203216,37.4500259],[-77.4203541,37.4499851],[-77.4203717,37.4499206],[-77.4203381,37.4499115],[-77.4203082,37.4498741],[-77.4203387,37.4497052],[-77.4203262,37.4496097],[-77.4203541,37.4495614],[-77.4203391,37.4495533],[-77.4202986,37.4495715],[-77.4202882,37.4495489],[-77.4203384,37.4493791],[-77.4203143,37.4492978],[-77.4203685,37.4492933],[-77.4203742,37.4492847],[-77.4203242,37.4492549],[-77.4203725,37.4491906],[-77.420356,37.4491429],[-77.420305,37.4490961],[-77.420304,37.449081],[-77.4203276,37.4490493],[-77.4203745,37.4490382],[-77.4203515,37.4489644],[-77.4203824,37.4488266],[-77.4204315,37.44882],[-77.4206653,37.4488752],[-77.4207167,37.448859],[-77.4207515,37.4488287],[-77.420765,37.4487929],[-77.4207711,37.4487028],[-77.4207371,37.4486134],[-77.4207488,37.4485208],[-77.4206493,37.4483627],[-77.420713,37.4481333],[-77.4207009,37.4481079],[-77.420641,37.4480528],[-77.4206378,37.4480349],[-77.4207037,37.448006],[-77.4207038,37.4479963],[-77.4206883,37.4479796],[-77.420627,37.4479617],[-77.4206249,37.4479403],[-77.4207089,37.447883],[-77.4207458,37.4478741],[-77.4207514,37.4478619],[-77.420747,37.4478466],[-77.4207181,37.4478293],[-77.4207179,37.4476688],[-77.420735,37.4475362],[-77.4207367,37.4475038],[-77.4207078,37.4474865],[-77.4207158,37.4474549],[-77.4207643,37.4473632],[-77.4208346,37.4471323],[-77.4208973,37.4470765],[-77.4209156,37.4469539],[-77.420937,37.446898],[-77.4210412,37.4467492],[-77.4210637,37.4466787],[-77.4211146,37.4466146],[-77.4211244,37.4465325],[-77.4212015,37.4464329],[-77.4212217,37.4463494],[-77.4212479,37.4463158],[-77.4212852,37.4462194],[-77.4214625,37.4461664],[-77.4215,37.4461474],[-77.421525,37.4461128],[-77.4215477,37.4460598],[-77.4215475,37.4460249],[-77.4215176,37.4460006],[-77.421474,37.4459866],[-77.4214426,37.4459369],[-77.42144,37.4458689],[-77.421482,37.4458079],[-77.4215746,37.4457701],[-77.4215928,37.4457426],[-77.4216468,37.4455032],[-77.4217657,37.4454447],[-77.4217757,37.4453894],[-77.4218053,37.4453312],[-77.4218373,37.4453061],[-77.4218235,37.4452761],[-77.4218312,37.4452317],[-77.4218827,37.4452186],[-77.4219168,37.4450385],[-77.4219499,37.44503],[-77.422217,37.4451029],[-77.4223646,37.445109],[-77.4224422,37.4450485],[-77.4224924,37.4449729],[-77.4225837,37.4447947],[-77.4225791,37.4447559],[-77.4225208,37.4447284],[-77.422395,37.4447132],[-77.4223675,37.4447247],[-77.4223515,37.4447487],[-77.4223344,37.4448213],[-77.4222898,37.444821],[-77.4222292,37.444786],[-77.4221834,37.4447351],[-77.4221719,37.4446593],[-77.4222584,37.4444796],[-77.4224089,37.4442646],[-77.4227522,37.4439199],[-77.4227789,37.4438808],[-77.422796,37.4438051],[-77.422792,37.4436251],[-77.4229563,37.443448],[-77.4230193,37.4433529],[-77.4232275,37.4431291],[-77.4232467,37.4431406],[-77.4234827,37.4431801],[-77.4235509,37.4431833],[-77.4235892,37.4431738],[-77.4236914,37.443187],[-77.4240743,37.4433239],[-77.4241823,37.4433981],[-77.4244061,37.443491],[-77.4244772,37.4435014],[-77.4247737,37.4436048],[-77.4252582,37.4438029],[-77.4253931,37.4438735],[-77.4256427,37.4438674],[-77.4258459,37.4438785],[-77.4259842,37.4439116],[-77.4263738,37.4440817],[-77.426596,37.4441472],[-77.427016,37.4443105],[-77.4272859,37.4443924],[-77.427413,37.4444506],[-77.4275912,37.4444781],[-77.4279005,37.4446258],[-77.4279544,37.4446752],[-77.4281259,37.4447555],[-77.4281955,37.4447527],[-77.428373,37.444815],[-77.4299696,37.4454374],[-77.4300594,37.4454534],[-77.4300829,37.4454384],[-77.4281335,37.4446991],[-77.4280022,37.4446181],[-77.427621,37.4444516],[-77.427449,37.4444071],[-77.4272496,37.4443283],[-77.4269998,37.4442497],[-77.4261812,37.4439207],[-77.426011,37.4438632],[-77.4258853,37.4438392],[-77.4257155,37.4438089],[-77.4254623,37.4437981],[-77.4253233,37.4437651],[-77.4246135,37.4434608],[-77.4242459,37.4432829],[-77.4240952,37.4431924],[-77.4238733,37.4431005],[-77.4236546,37.4430369],[-77.423521,37.4429465],[-77.4234614,37.4428903],[-77.4234639,37.4428074],[-77.4235275,37.4427646],[-77.4236243,37.4427417],[-77.4236456,37.442715],[-77.4236735,37.4425609],[-77.4238221,37.4420406],[-77.4239829,37.441809],[-77.4240394,37.4417701],[-77.4240863,37.4417665],[-77.4241373,37.4416742],[-77.4241708,37.4415801],[-77.4241751,37.4415067],[-77.4241925,37.4414984],[-77.4243468,37.4415213],[-77.4243746,37.4415043],[-77.4244676,37.4411646],[-77.4245598,37.4409414],[-77.4246615,37.4407964],[-77.4247583,37.4407178],[-77.4248441,37.4406117],[-77.4249683,37.4403814],[-77.4250169,37.4403249],[-77.4250605,37.4403009],[-77.4251267,37.4402886],[-77.4251863,37.4402633],[-77.4252142,37.4402206],[-77.425347,37.4398762],[-77.425435,37.4397756],[-77.4255491,37.4397539],[-77.4255975,37.4397137],[-77.4257555,37.4393593],[-77.4258116,37.4392612],[-77.4260548,37.4389841],[-77.4262623,37.4386621],[-77.4262775,37.4385645],[-77.4262985,37.4385307],[-77.426431,37.4384933],[-77.4266131,37.4381978],[-77.4266242,37.438071],[-77.4266534,37.4379915],[-77.4267213,37.4379291],[-77.4267698,37.4379105],[-77.4268925,37.4378952],[-77.4269663,37.4378221],[-77.4269931,37.4377715],[-77.4270318,37.4375436],[-77.4273554,37.4370302],[-77.427415,37.4369975],[-77.4274492,37.4370076],[-77.4275257,37.4370753],[-77.4275729,37.4370909],[-77.4276443,37.4370783],[-77.4277466,37.4370374],[-77.4279345,37.4369172],[-77.4280131,37.4368889],[-77.4280856,37.4368907],[-77.4283974,37.4370143],[-77.4285673,37.4370989],[-77.4291071,37.4374215],[-77.4293296,37.4375116],[-77.4301536,37.4381969],[-77.4305701,37.4386369],[-77.4306817,37.4387281],[-77.4307717,37.4387712],[-77.4308289,37.438774],[-77.4309596,37.4388401],[-77.4309862,37.4388864],[-77.4310255,37.4391428],[-77.4315447,37.4396221],[-77.4315983,37.4396928],[-77.4316333,37.4397839],[-77.4319156,37.4400554],[-77.432069,37.4402831],[-77.4321957,37.4404359],[-77.4322056,37.440519],[-77.4321764,37.4406379],[-77.4321927,37.4406827],[-77.4323725,37.4408068],[-77.4325902,37.4409211],[-77.4331919,37.4410307],[-77.4332901,37.441067],[-77.4333234,37.4410911],[-77.4332936,37.4412465],[-77.4333076,37.4414164],[-77.4333262,37.441465],[-77.433389,37.4415458],[-77.4335091,37.4416479],[-77.433499,37.4417149],[-77.4335239,37.4417931],[-77.4337336,37.4420614],[-77.4338768,37.4421442],[-77.4340426,37.4422073],[-77.4340631,37.4422013],[-77.4340605,37.4421826],[-77.4339619,37.4421236],[-77.4337639,37.4420655],[-77.4337423,37.4420449],[-77.4337038,37.4419673],[-77.4335873,37.441842],[-77.4335484,37.4417527],[-77.4335315,37.4416422],[-77.4335154,37.4416136],[-77.433403,37.441531],[-77.4333772,37.4414963],[-77.4333266,37.4413635],[-77.4333381,37.4412466],[-77.4334142,37.4411274],[-77.433419,37.4410983],[-77.4333999,37.4410719],[-77.4333019,37.4410024],[-77.4330913,37.4409459],[-77.4329404,37.4409119],[-77.4328116,37.440927],[-77.4327596,37.4408881],[-77.4323019,37.4407337],[-77.4322623,37.4407026],[-77.432229,37.4406183],[-77.4322772,37.4405142],[-77.4322643,37.4403975],[-77.4322454,37.4403571],[-77.4318878,37.4398785],[-77.4318163,37.4397908],[-77.4317076,37.4396864],[-77.4316204,37.439511],[-77.4315488,37.4394333],[-77.4312132,37.4391417],[-77.4311673,37.4390903],[-77.4311583,37.4389401],[-77.4311718,37.4388725],[-77.4311971,37.438857],[-77.431328,37.438854],[-77.4314704,37.4388414],[-77.4315253,37.4388214],[-77.4316471,37.438819],[-77.431766,37.4387802],[-77.4318068,37.4387879],[-77.4319258,37.4388908],[-77.4319397,37.4388758],[-77.4319346,37.4388384],[-77.4318708,37.4387691],[-77.4318756,37.4387511],[-77.4321489,37.4386611],[-77.4322006,37.4386328],[-77.432638,37.4385191],[-77.4328666,37.4384713],[-77.4330917,37.4384585],[-77.4332971,37.4385032],[-77.434075,37.4387933],[-77.4342394,37.4388738],[-77.4342627,37.438897],[-77.4343404,37.438912],[-77.4344229,37.4389487],[-77.4344982,37.4390055],[-77.4346458,37.439034],[-77.4350154,37.4392205],[-77.4354605,37.439303],[-77.4357148,37.4392512],[-77.435822,37.4392067],[-77.4360314,37.4391884],[-77.4361265,37.4391479],[-77.4363962,37.4390163],[-77.4364553,37.4389725],[-77.4365532,37.4388252],[-77.4365341,37.4387323],[-77.4365207,37.4387286],[-77.4363864,37.4387573],[-77.4363484,37.4387369],[-77.4362052,37.4387695],[-77.4361613,37.4388047],[-77.4360892,37.4388702],[-77.436139,37.4389034],[-77.4362345,37.4389231],[-77.436248,37.4389664],[-77.4361061,37.4390234],[-77.4360279,37.4390729],[-77.4357204,37.4390881],[-77.4356797,37.439068],[-77.4356788,37.4389715],[-77.4356502,37.4389451],[-77.4356557,37.4389115],[-77.4357407,37.4388698],[-77.4358216,37.4388482],[-77.4360445,37.4388377],[-77.4360798,37.4387602],[-77.4359038,37.4387669],[-77.435611,37.4388366],[-77.4354768,37.4388417],[-77.4353411,37.4388657],[-77.4352007,37.4388971],[-77.4350729,37.4389206],[-77.4349264,37.4389356],[-77.4348443,37.438912],[-77.4347247,37.4388518],[-77.4344072,37.438633],[-77.4343138,37.4385068],[-77.4341021,37.4384637],[-77.4339555,37.438458],[-77.4336978,37.4383433],[-77.433659,37.4383171],[-77.4336307,37.4382739],[-77.4335396,37.4382405],[-77.4334421,37.438221],[-77.4330423,37.4382142],[-77.4328958,37.438199],[-77.4327528,37.4382138],[-77.4326131,37.4382352],[-77.4323581,37.4383194],[-77.4321869,37.4383552],[-77.4317636,37.4384752],[-77.4315424,37.4385043],[-77.4314486,37.4384999],[-77.4313763,37.4385093],[-77.4312278,37.438509],[-77.4310735,37.438484],[-77.4309445,37.4384411],[-77.4309057,37.4383736],[-77.4308637,37.4384008],[-77.4308255,37.4383737],[-77.4307224,37.4383422],[-77.4304475,37.4380621],[-77.4303075,37.437856],[-77.4299035,37.4375288],[-77.4297577,37.4374107],[-77.429526,37.4372532],[-77.4294395,37.4371471],[-77.429377,37.4370995],[-77.4292443,37.4370357],[-77.4292193,37.4370416],[-77.428834,37.4368991],[-77.4284666,37.4366794],[-77.4284226,37.4366257],[-77.42832,37.4365495],[-77.4281084,37.4364376],[-77.4278891,37.4362617],[-77.4278904,37.4362302],[-77.42793,37.436147],[-77.4279588,37.436128],[-77.4280137,37.4361149],[-77.4280551,37.4360686],[-77.4280742,37.4359084],[-77.4280564,37.4358331],[-77.4281158,37.4356172],[-77.4281952,37.4354675],[-77.4283446,37.4351219],[-77.428379,37.4350915],[-77.4284585,37.4349391],[-77.4285111,37.4347991],[-77.4285963,37.4346299],[-77.4286046,37.4345934],[-77.428572,37.4345164],[-77.4285841,37.4344695],[-77.4287278,37.4341762],[-77.4287454,37.4341151],[-77.4287411,37.4340678],[-77.4286533,37.4339406],[-77.4286547,37.4339118],[-77.4287077,37.4338633],[-77.4288013,37.4339656],[-77.4289135,37.4339875],[-77.4290474,37.4339718],[-77.4292117,37.4337997],[-77.4293604,37.433715],[-77.4294419,37.4336887],[-77.429472,37.4336539],[-77.4294594,37.4336328],[-77.4294188,37.4336262],[-77.4293264,37.433634],[-77.4292358,37.4336732],[-77.4291275,37.4337333],[-77.4290128,37.4338636],[-77.4289297,37.4338493],[-77.4289046,37.4338272],[-77.4288395,37.4335026],[-77.4288471,37.4334464],[-77.4289171,37.4333213],[-77.4289573,37.4332045],[-77.4289929,37.4327965],[-77.4289972,37.4322498],[-77.4289866,37.4321617],[-77.4289039,37.4318917],[-77.4288799,37.4316483],[-77.4287969,37.4313745],[-77.4287222,37.4308989],[-77.4287025,37.4308629],[-77.4286442,37.4308101],[-77.4286061,37.4307119],[-77.4286293,37.4306012],[-77.4286912,37.4306135],[-77.4288821,37.4307149],[-77.4289566,37.4307381],[-77.4289818,37.4307132],[-77.428993,37.4306651],[-77.4289458,37.4306191],[-77.4288318,37.4304558],[-77.4287521,37.4302603],[-77.4286854,37.4301757],[-77.4284889,37.4300178],[-77.4283715,37.4298291],[-77.4282571,37.4294562],[-77.4281573,37.4292369],[-77.4281606,37.4291453],[-77.4282667,37.4290567],[-77.4282808,37.4290007],[-77.4282538,37.4289475],[-77.4279823,37.428706],[-77.4279311,37.4286048],[-77.4279197,37.4284641],[-77.4278767,37.4283291],[-77.4278126,37.4282577],[-77.4277873,37.4281678],[-77.4277931,37.4280093],[-77.4277747,37.4279445],[-77.4275942,37.4275931],[-77.4274956,37.4273122],[-77.4273513,37.4270247],[-77.427302,37.4268843],[-77.42694,37.4262607],[-77.4267443,37.4260162],[-77.4266483,37.4259255],[-77.4264729,37.4256711],[-77.4262545,37.4254207],[-77.4260816,37.4252503],[-77.4259046,37.4250982],[-77.4257346,37.424903],[-77.4255762,37.4247979],[-77.4251781,37.4244301],[-77.4250697,37.4243587],[-77.4243833,37.4239606],[-77.4241832,37.4238211],[-77.4239362,37.4236837],[-77.4235265,37.4234248],[-77.4233246,37.4233259],[-77.4231975,37.4233156],[-77.4229547,37.4231291],[-77.422749,37.42302],[-77.4226582,37.4229564],[-77.4222322,37.4227326],[-77.421919,37.4226019],[-77.4216052,37.4224355],[-77.4212828,37.4223214],[-77.4212332,37.4222895],[-77.4211666,37.422208],[-77.4211071,37.4221571],[-77.4206457,37.4218188],[-77.4204791,37.4217396],[-77.4202222,37.4216816],[-77.4200628,37.4215839],[-77.4199856,37.4215495],[-77.4195906,37.4214928],[-77.4194271,37.4214865],[-77.4191524,37.4214976],[-77.4190199,37.421465],[-77.4189237,37.4214284],[-77.4188304,37.4213733],[-77.4187959,37.4213367],[-77.4186898,37.4212846],[-77.4185615,37.4212522],[-77.4184185,37.4212635],[-77.4179682,37.4214019],[-77.4178843,37.4214091],[-77.417774,37.4214185],[-77.417651,37.4214117],[-77.4171421,37.4214298],[-77.4170393,37.4214473],[-77.4165486,37.4214387],[-77.4159884,37.4214622],[-77.4157168,37.4214512],[-77.4155177,37.4214813],[-77.4154817,37.4214786],[-77.4154275,37.4214533],[-77.4153912,37.4214082],[-77.4153842,37.4213741],[-77.4154071,37.4213375],[-77.4154729,37.4212918],[-77.4154555,37.4212523],[-77.4154165,37.421219],[-77.4153477,37.4211883],[-77.4152569,37.4211739],[-77.4151987,37.4211452],[-77.4151621,37.4211068],[-77.4149444,37.4209804],[-77.4146944,37.4207174],[-77.4145614,37.4205509],[-77.4144931,37.4204575],[-77.4143995,37.420265],[-77.414267,37.4200392],[-77.4141908,37.4198369],[-77.4141546,37.4197885],[-77.4140925,37.4197494],[-77.4138817,37.4197537],[-77.4136509,37.4198104],[-77.4135034,37.4198716],[-77.4134589,37.4199038],[-77.4134454,37.4199375],[-77.4134955,37.4202334],[-77.4135812,37.4205503],[-77.4136646,37.4206681],[-77.4137524,37.4209473],[-77.4138471,37.4210769],[-77.4139338,37.4211422],[-77.4139431,37.4211746],[-77.4142388,37.4214135],[-77.4144241,37.4215017],[-77.4144464,37.4215278],[-77.414451,37.4215669],[-77.4144453,37.4216006],[-77.4144252,37.4216221],[-77.4138296,37.4216884],[-77.4133452,37.4216728],[-77.4129396,37.4216214],[-77.4127993,37.4216228],[-77.4125101,37.4216582],[-77.412083,37.421755],[-77.4120787,37.4218382],[-77.4120012,37.4219014],[-77.4119374,37.4219204],[-77.4118753,37.4219225],[-77.4117468,37.4218941],[-77.4115602,37.4219447],[-77.4109925,37.4220611],[-77.4105437,37.4222058],[-77.410396,37.4222723],[-77.4103094,37.4222833],[-77.4102132,37.4222734],[-77.4101202,37.4222792],[-77.4099614,37.4223182],[-77.4096338,37.4224223],[-77.4094468,37.422504],[-77.4091815,37.42258],[-77.4088771,37.4226478],[-77.4086727,37.4226891],[-77.4080581,37.4227751],[-77.4077196,37.4228414],[-77.4073122,37.4229305],[-77.4071122,37.4230043],[-77.406901,37.4230638],[-77.406679,37.4230724],[-77.4062696,37.4230625],[-77.4061523,37.4230459],[-77.4060694,37.4230232],[-77.4059899,37.4229848],[-77.4059564,37.4229259],[-77.405957,37.4228791],[-77.4060172,37.4228536],[-77.4060313,37.4228285],[-77.4060766,37.4227983],[-77.4064364,37.4226986],[-77.4067254,37.422463],[-77.4067569,37.4224218],[-77.4068756,37.4220927],[-77.4068911,37.4219594],[-77.4068676,37.4216873],[-77.4068384,37.4215572],[-77.406769,37.4213649],[-77.4066078,37.4210843],[-77.4065738,37.4210467],[-77.4065069,37.4209196],[-77.4064503,37.4207744],[-77.4064838,37.420607],[-77.4065405,37.4204819],[-77.4066709,37.4202765],[-77.4067776,37.420067],[-77.4067818,37.4200129],[-77.4067142,37.4199196],[-77.4065883,37.4198231],[-77.4063308,37.419754],[-77.4060228,37.4196206],[-77.4058319,37.4195005],[-77.4047953,37.4187737],[-77.4045947,37.4186178],[-77.404253,37.418413],[-77.4041204,37.4183053],[-77.403784,37.4179787],[-77.4035897,37.417852],[-77.4034901,37.4178292],[-77.4034142,37.417842],[-77.4032414,37.4179019],[-77.4029047,37.4180732],[-77.4027438,37.4182409],[-77.402639,37.4185855],[-77.4026105,37.4186446],[-77.4024614,37.4187085],[-77.4023606,37.4187804],[-77.4023323,37.4188238],[-77.4023246,37.4188915],[-77.402321,37.4191417],[-77.4022612,37.419215],[-77.4021591,37.4193793],[-77.4019457,37.4196066],[-77.4019243,37.4196656],[-77.4018609,37.4197503],[-77.4017915,37.419799],[-77.4017074,37.4198863],[-77.4016226,37.4200368],[-77.4015832,37.4201412],[-77.4015675,37.4202812],[-77.4016013,37.4205531],[-77.4016309,37.4206516],[-77.4018432,37.4209627],[-77.4023406,37.4215789],[-77.4024915,37.4218597],[-77.4025725,37.421964],[-77.4026439,37.4220301],[-77.4027504,37.422037],[-77.4030536,37.422024],[-77.4031121,37.4220409],[-77.403194,37.4220843],[-77.4034664,37.4223017],[-77.4035944,37.4225154],[-77.4036451,37.4225662],[-77.4037715,37.4226425],[-77.4039805,37.4227193],[-77.4040801,37.4227196],[-77.4042116,37.4226808],[-77.404378,37.4226076],[-77.4045137,37.4225102],[-77.4045623,37.4224957],[-77.4046138,37.4224947],[-77.4048501,37.4225958],[-77.4050891,37.4227373],[-77.4052595,37.4228533],[-77.4053351,37.4228653],[-77.4054693,37.422867],[-77.4056191,37.4229003],[-77.4057541,37.4231746],[-77.4057534,37.4232318],[-77.4057235,37.4232758],[-77.405666,37.4233027],[-77.4055908,37.4233177],[-77.4052789,37.4233399],[-77.4051872,37.4233652],[-77.4051166,37.4233971],[-77.4049733,37.423504],[-77.4048699,37.4235487],[-77.4046113,37.4236116],[-77.404484,37.423621],[-77.4043879,37.4236085],[-77.4043458,37.4235822],[-77.4043111,37.4234856],[-77.4042772,37.423458],[-77.4041335,37.4234646],[-77.4039813,37.4235063],[-77.4038244,37.4235258],[-77.4036614,37.4235167],[-77.4032318,37.4235509],[-77.4030704,37.4235457],[-77.4030171,37.4234971],[-77.4029756,37.4234265],[-77.4028953,37.4233295],[-77.4025148,37.4232275],[-77.4023898,37.4231784],[-77.4023154,37.4231283],[-77.401652,37.4229511],[-77.4014757,37.422826],[-77.4014027,37.4227902],[-77.4011802,37.4227168],[-77.4010105,37.4225918],[-77.4005872,37.4223866],[-77.4005209,37.4223457],[-77.4004516,37.4222762],[-77.4002864,37.4220549],[-77.4002154,37.4219919],[-77.3999243,37.4217917],[-77.399521,37.4215606],[-77.3993223,37.4214067],[-77.3990842,37.4212655],[-77.398947,37.4211512],[-77.3987554,37.4209583],[-77.3986297,37.4207061],[-77.3985994,37.4205184],[-77.3984799,37.4203001],[-77.3983548,37.4201273],[-77.3983103,37.420041],[-77.3982531,37.419792],[-77.3981445,37.4194775],[-77.3980643,37.4191176],[-77.3980141,37.4189663],[-77.3978877,37.4187713],[-77.3977424,37.4182665],[-77.3976214,37.4179076],[-77.3976065,37.4177981],[-77.397612,37.4176186],[-77.3974884,37.4172102],[-77.3974108,37.4168972],[-77.3973918,37.416603],[-77.3973313,37.4163565],[-77.3972513,37.4161099],[-77.3972214,37.4158962],[-77.3972157,37.415697],[-77.3971865,37.4155628],[-77.3970943,37.4153772],[-77.3969735,37.4150001],[-77.3967397,37.414652],[-77.396716,37.4145907],[-77.3967199,37.4145412],[-77.3968357,37.414291],[-77.3969624,37.4142048],[-77.3973049,37.4140892],[-77.3974787,37.4140178],[-77.3978964,37.4138846],[-77.3980683,37.4138405],[-77.3989882,37.4134745],[-77.3990485,37.4134763],[-77.3991019,37.4135145],[-77.3992163,37.4137523],[-77.3992644,37.4138125],[-77.3993327,37.4138287],[-77.3991351,37.4134627],[-77.3990851,37.4134167],[-77.3990479,37.4133995],[-77.3981986,37.4137309],[-77.3975548,37.4139351],[-77.3970096,37.4140933],[-77.3969182,37.4140952],[-77.3967379,37.4140351],[-77.3966278,37.4139691],[-77.3965521,37.4138943],[-77.3964944,37.4138106],[-77.3964566,37.4137088],[-77.3964302,37.4134769],[-77.3964312,37.4133962],[-77.3964729,37.4133224],[-77.3965339,37.4132773],[-77.3965954,37.4131854],[-77.3966261,37.4130842],[-77.3966238,37.4130035],[-77.3965768,37.4128547],[-77.3965924,37.4127807],[-77.396629,37.4127263],[-77.3967293,37.4126712],[-77.3969274,37.4126116],[-77.397359,37.4125423],[-77.3974455,37.4125391],[-77.3974715,37.4125471],[-77.3974929,37.4125304],[-77.3974899,37.412507],[-77.3975277,37.4124851],[-77.3977477,37.4124328],[-77.3979127,37.4124172],[-77.3981917,37.4124104],[-77.3985206,37.4123389],[-77.3990519,37.4123719],[-77.3991501,37.4123519],[-77.3992534,37.4123124],[-77.3994241,37.4122227],[-77.3995476,37.4121339],[-77.3995886,37.4120872],[-77.3996695,37.4119529],[-77.3996781,37.4118479],[-77.3997077,37.4117291],[-77.3997939,37.4115923],[-77.3998177,37.4114505],[-77.3998453,37.4114072],[-77.3999106,37.4113705],[-77.3999132,37.4113288],[-77.4000558,37.4112789],[-77.4001512,37.4112678],[-77.400199,37.4112837],[-77.4002156,37.4113103],[-77.4002952,37.411346],[-77.4005816,37.411353],[-77.4006692,37.4114088],[-77.4008297,37.4114215],[-77.40094,37.411503],[-77.4009748,37.4115015],[-77.4011593,37.4114327],[-77.401286,37.4114067],[-77.4015816,37.4113677],[-77.4017505,37.4113575],[-77.4018423,37.4113225],[-77.4020862,37.4112669],[-77.4022776,37.4112425],[-77.4026572,37.4111193],[-77.4028612,37.4110272],[-77.4029613,37.4110366],[-77.4030165,37.4110288],[-77.4031929,37.4110342],[-77.4036439,37.4110136],[-77.4036876,37.411],[-77.4037827,37.4108598],[-77.4038343,37.4108176],[-77.403941,37.4108183],[-77.4046754,37.4107],[-77.4048588,37.4106428],[-77.4051315,37.4106011],[-77.4052186,37.4105965],[-77.4053807,37.4106175],[-77.4054765,37.4106163],[-77.4056031,37.410598],[-77.4057343,37.4106019],[-77.4061913,37.4105362],[-77.4068083,37.4104688],[-77.4072351,37.4103698],[-77.4076214,37.4103105],[-77.4078795,37.4103078],[-77.4082467,37.4102672],[-77.4082475,37.4102105],[-77.407879,37.4102513],[-77.4076106,37.4102546],[-77.4072189,37.4103149],[-77.4067927,37.4104138],[-77.4061805,37.4104805],[-77.4057293,37.4105454],[-77.405598,37.4105415],[-77.4053859,37.4105611],[-77.405222,37.4105399],[-77.4051234,37.4105451],[-77.4048399,37.4105885],[-77.4046534,37.4106461],[-77.403933,37.4107618],[-77.403804,37.4107617],[-77.4037257,37.4108258],[-77.403627,37.4109584],[-77.4031912,37.4109779],[-77.4028424,37.4109713],[-77.4026268,37.4110682],[-77.4022574,37.4111882],[-77.4020711,37.4112115],[-77.4018179,37.4112694],[-77.4017306,37.4113027],[-77.4014637,37.4113236],[-77.4011381,37.4113786],[-77.4010116,37.4114449],[-77.4009726,37.41145],[-77.4009141,37.4114325],[-77.4008611,37.4113718],[-77.400826,37.4113495],[-77.4007006,37.4113349],[-77.4006783,37.4113048],[-77.4005076,37.41129],[-77.4003098,37.4112906],[-77.4002711,37.411273],[-77.4002504,37.4112399],[-77.4001609,37.41121],[-77.4000384,37.4112241],[-77.3999215,37.411257],[-77.3998445,37.4112975],[-77.3997505,37.4114317],[-77.3997248,37.4115767],[-77.3996953,37.4116562],[-77.3996657,37.4117242],[-77.3996244,37.4117678],[-77.399611,37.4118184],[-77.3996166,37.4119102],[-77.3995059,37.4121306],[-77.3993092,37.4122071],[-77.3992204,37.4122584],[-77.3991156,37.412294],[-77.3990372,37.4123012],[-77.398891,37.4122505],[-77.3984949,37.4122734],[-77.398338,37.4123033],[-77.3979394,37.4123469],[-77.3976502,37.4124097],[-77.3975531,37.4124138],[-77.3969791,37.4125249],[-77.3965745,37.4125267],[-77.3965235,37.4125615],[-77.3964737,37.4126261],[-77.3964278,37.4126414],[-77.3963838,37.4126397],[-77.3963483,37.4126056],[-77.3963086,37.4125232],[-77.3962835,37.4124502],[-77.3962716,37.4123564],[-77.3962844,37.4122485],[-77.3963517,37.4119894],[-77.3963545,37.411926],[-77.3963404,37.4118656],[-77.3962483,37.4117069],[-77.3962058,37.4116575],[-77.3961181,37.4113859],[-77.3960683,37.4109208],[-77.3960519,37.4104942],[-77.3960214,37.4104406],[-77.3959627,37.4102582],[-77.3959713,37.4101136],[-77.3959573,37.4098746],[-77.3959264,37.4096481],[-77.3959318,37.4094853],[-77.3959928,37.4093728],[-77.3960031,37.4093216],[-77.3959787,37.4092089],[-77.3959557,37.4091666],[-77.3958533,37.4090652],[-77.395839,37.4090152],[-77.3958201,37.4087853],[-77.3958209,37.4086002],[-77.3957775,37.408305],[-77.3958094,37.4081628],[-77.3958595,37.4080528],[-77.395924,37.4079719],[-77.3959456,37.4078852],[-77.3959259,37.4078377],[-77.3956593,37.4075998],[-77.3956558,37.4075189],[-77.3956637,37.407486],[-77.3957224,37.4074416],[-77.396156,37.4073675],[-77.396442,37.4073033],[-77.396834,37.4072524],[-77.3969737,37.407222],[-77.3970636,37.4071583],[-77.3970488,37.4070578],[-77.3970267,37.4070338],[-77.3969665,37.407013],[-77.3968179,37.4070047],[-77.3965181,37.407041],[-77.3964815,37.407056],[-77.396461,37.4070893],[-77.3964331,37.407106],[-77.3963818,37.4071153],[-77.3963339,37.4071132],[-77.3962238,37.4070643],[-77.3958585,37.4071193],[-77.3957313,37.4071011],[-77.3956679,37.4070682],[-77.3956507,37.4069868],[-77.3956616,37.4068853],[-77.3955303,37.4066668],[-77.3955188,37.4065716],[-77.3955777,37.4065064],[-77.395688,37.4064207],[-77.3956876,37.4063538],[-77.3954672,37.4060709],[-77.3953779,37.4058462],[-77.395215,37.4053647],[-77.3949756,37.404915],[-77.3949567,37.4048436],[-77.3950017,37.4048048],[-77.3953409,37.4049151],[-77.3954207,37.4049982],[-77.3954452,37.4050565],[-77.395521,37.4051478],[-77.3955601,37.4051567],[-77.3956513,37.405136],[-77.3956653,37.4051465],[-77.3957377,37.4054181],[-77.3957048,37.4054439],[-77.3956907,37.4054911],[-77.395701,37.4054986],[-77.3957565,37.4055068],[-77.3959264,37.4054957],[-77.3960107,37.4054519],[-77.3962309,37.4054299],[-77.3962609,37.4053684],[-77.3962944,37.4053395],[-77.3963703,37.405323],[-77.3964176,37.405329],[-77.396526,37.4054248],[-77.3967036,37.4055328],[-77.396775,37.4056327],[-77.3968144,37.4056612],[-77.3968769,37.4056785],[-77.3969714,37.4056509],[-77.3970072,37.4056563],[-77.3970207,37.4056208],[-77.3970392,37.4056166],[-77.3978169,37.4055463],[-77.3981836,37.4054609],[-77.3981954,37.4054241],[-77.3982442,37.4053936],[-77.3985252,37.4053823],[-77.3985645,37.4053713],[-77.3986116,37.4053446],[-77.3986179,37.4053164],[-77.3985149,37.4051629],[-77.3982341,37.404874],[-77.3979254,37.4046518],[-77.3976727,37.4044925],[-77.3975193,37.4043717],[-77.3974629,37.4043453],[-77.3972987,37.4043251],[-77.3971876,37.404327],[-77.3971513,37.4043081],[-77.3971158,37.4043179],[-77.3970746,37.4043537],[-77.3970222,37.4043681],[-77.3968539,37.4043727],[-77.3966384,37.4044178],[-77.3963773,37.404447],[-77.396248,37.4044787],[-77.3959559,37.4045021],[-77.395578,37.4044584],[-77.3952341,37.4043276],[-77.3952332,37.4043077],[-77.3952756,37.404264],[-77.3955698,37.4041899],[-77.395737,37.4041258],[-77.3961461,37.4039959],[-77.3961802,37.4039623],[-77.3962004,37.4038981],[-77.3962169,37.4038852],[-77.3965308,37.4038577],[-77.3966436,37.4039035],[-77.3967878,37.4039118],[-77.3971564,37.4038534],[-77.397305,37.4038057],[-77.3973706,37.4037275],[-77.3973731,37.4036849],[-77.3972964,37.4036323],[-77.3971464,37.4035957],[-77.3967355,37.4035857],[-77.3966298,37.4035911],[-77.3965133,37.4036438],[-77.396467,37.4036448],[-77.3964257,37.4036376],[-77.3963896,37.403547],[-77.3962447,37.4034997],[-77.396041,37.4035027],[-77.3959979,37.4035124],[-77.3957417,37.4034913],[-77.3955516,37.4035009],[-77.3953378,37.4035378],[-77.3949569,37.4035731],[-77.3949021,37.4036041],[-77.3947734,37.4036293],[-77.3943093,37.4036541],[-77.3937928,37.403134],[-77.3936821,37.4029365],[-77.3934454,37.402707],[-77.3933072,37.402594],[-77.3932101,37.4025538],[-77.3931636,37.4025214],[-77.3930937,37.4024358],[-77.3930349,37.4023846],[-77.3927835,37.4022028],[-77.3927159,37.4020542],[-77.3924522,37.4017984],[-77.3923726,37.4017497],[-77.3922555,37.4017055],[-77.3921244,37.4015887],[-77.3920587,37.4015705],[-77.3919307,37.4014598],[-77.3919013,37.4014114],[-77.3919068,37.4013493],[-77.3918951,37.4013188],[-77.3917739,37.4011891],[-77.3915201,37.4010358],[-77.3912564,37.4009438],[-77.391001,37.4008953],[-77.390942,37.400864],[-77.3907803,37.4008091],[-77.3907384,37.4008137],[-77.390694,37.4008372],[-77.39065,37.4008322],[-77.390604,37.4008045],[-77.3906009,37.400788],[-77.3906255,37.4007635],[-77.390707,37.4007271],[-77.3907903,37.4007281],[-77.3908379,37.4007588],[-77.3908794,37.4007486],[-77.3907082,37.4005084],[-77.3906341,37.4004377],[-77.3905336,37.4003949],[-77.3900032,37.4002792],[-77.38962,37.4001815],[-77.3895958,37.4001626],[-77.3895691,37.400102],[-77.3895698,37.4000377],[-77.3896444,37.3999017],[-77.3896109,37.399846],[-77.3895397,37.3997815],[-77.3894721,37.3997596],[-77.3893656,37.3997566],[-77.3892841,37.3997769],[-77.3892305,37.3997597],[-77.3890865,37.3996671],[-77.3890176,37.3996495],[-77.3888927,37.3996451],[-77.3885807,37.3996589],[-77.3885533,37.399639],[-77.3885327,37.3995637],[-77.3885742,37.3994859],[-77.3886023,37.3993929],[-77.38857,37.3993346],[-77.388378,37.3991972],[-77.3877631,37.3990973],[-77.3876512,37.3990916],[-77.3875382,37.399038],[-77.3873071,37.3988491],[-77.3871628,37.3987651],[-77.3869067,37.3986971],[-77.3865726,37.398573],[-77.3863319,37.3985674],[-77.3861521,37.398528],[-77.3861152,37.3984904],[-77.386217,37.3983894],[-77.3862342,37.3983493],[-77.3862262,37.39831],[-77.3861857,37.3982695],[-77.3861115,37.3982365],[-77.3860616,37.3981749],[-77.3859382,37.3981425],[-77.385872,37.3981642],[-77.3858151,37.3982108],[-77.385756,37.3982402],[-77.385685,37.3982484],[-77.3856083,37.3982307],[-77.3854723,37.3981379],[-77.385431,37.3980524],[-77.3853606,37.398005],[-77.3851118,37.3978847],[-77.3849759,37.397769],[-77.3847761,37.3976902],[-77.3847548,37.3976574],[-77.3847539,37.3976258],[-77.3847242,37.3975864],[-77.3845938,37.3975272],[-77.3845688,37.3975011],[-77.3845619,37.3974762],[-77.3846058,37.3973979],[-77.3846087,37.3973366],[-77.3845853,37.3972751],[-77.3843427,37.3970035],[-77.3842605,37.3969292],[-77.3841632,37.396804],[-77.3841199,37.3966783],[-77.3839881,37.3965117],[-77.3839318,37.3963561],[-77.3838866,37.3961805],[-77.383883,37.3960464],[-77.3838412,37.3957577],[-77.3838828,37.3954053],[-77.3838748,37.3952347],[-77.3839059,37.39498],[-77.3840391,37.3945955],[-77.3840866,37.3945162],[-77.3841506,37.3943461],[-77.3842706,37.3940899],[-77.3843512,37.3939467],[-77.3847035,37.393506],[-77.3847584,37.3934057],[-77.3848336,37.393318],[-77.384924,37.3931576],[-77.3851808,37.3927786],[-77.3853452,37.3923982],[-77.3854159,37.3922817],[-77.3854407,37.3920586],[-77.3854643,37.3919754],[-77.3855021,37.3919114],[-77.3856546,37.3917839],[-77.3856947,37.3917218],[-77.3857456,37.3915487],[-77.3857724,37.3913677],[-77.3857196,37.3912246],[-77.3857025,37.3911335],[-77.3857089,37.3909476],[-77.3857641,37.3908263],[-77.3858131,37.3905822],[-77.3858507,37.3905374],[-77.3859317,37.3904813],[-77.3859525,37.3904345],[-77.3828414,37.390577],[-77.3827285,37.3908502],[-77.3826916,37.3909303],[-77.3824379,37.3913464],[-77.3823369,37.3915792],[-77.3822489,37.3920303],[-77.3822498,37.3921778],[-77.3821052,37.3925288],[-77.3820293,37.3928712],[-77.3820154,37.3929614],[-77.3820284,37.3931089],[-77.3820091,37.3931395],[-77.3819412,37.3931929],[-77.381881,37.3932893],[-77.3818397,37.3935044],[-77.3816436,37.3938818],[-77.3815901,37.3941454],[-77.3815524,37.3942386],[-77.3815733,37.3943185],[-77.3816423,37.394436],[-77.3816768,37.3945655],[-77.3816632,37.3946912],[-77.3817344,37.3952175],[-77.3817379,37.3954245],[-77.3817611,37.3955578],[-77.3817498,37.3955958],[-77.3816967,37.3956449],[-77.3816877,37.395686],[-77.3816948,37.395742],[-77.3817306,37.3958362],[-77.3817132,37.3959401],[-77.3817463,37.396054],[-77.3817625,37.3963613],[-77.3817416,37.3967979],[-77.3817629,37.3969441],[-77.3818835,37.3974113],[-77.3819266,37.3974882],[-77.382084,37.3976265],[-77.3821839,37.3978219],[-77.3822683,37.3979387],[-77.3823003,37.3980451],[-77.382283,37.3981234],[-77.3822947,37.3981586],[-77.3824183,37.3981842],[-77.3824766,37.3982176],[-77.3826554,37.3984652],[-77.3827696,37.3985987],[-77.3829524,37.398778],[-77.3830514,37.3988388],[-77.383143,37.3989846],[-77.3834206,37.3992197],[-77.3835302,37.3993431],[-77.3838711,37.3996008],[-77.3840418,37.3996928],[-77.3843626,37.3997762],[-77.3844651,37.3998409],[-77.3846795,37.3999375],[-77.3847422,37.3999826],[-77.3848392,37.4000143],[-77.3852058,37.4002131],[-77.3852157,37.4002601],[-77.385177,37.4003206],[-77.3851441,37.4003259],[-77.3843255,37.3999034],[-77.3842795,37.3998919],[-77.3842244,37.3999249],[-77.3841809,37.3999813],[-77.3841446,37.4000686],[-77.3840589,37.4002116],[-77.3840416,37.4002668],[-77.3840518,37.4003077],[-77.3842192,37.4004694],[-77.384488,37.4006291],[-77.3847001,37.4007733],[-77.3847457,37.4007928],[-77.3847906,37.4007929],[-77.3848301,37.4007791],[-77.3849027,37.4007065],[-77.3850148,37.4006296],[-77.3850562,37.4006162],[-77.3850955,37.4006239],[-77.3851235,37.4006405],[-77.3851312,37.4006587],[-77.3850892,37.4007383],[-77.3850976,37.4007634],[-77.3855502,37.4010053],[-77.3857365,37.4010897],[-77.3857772,37.4010632],[-77.3859839,37.4008144],[-77.3859974,37.4007804],[-77.3859724,37.4007305],[-77.3859105,37.400669],[-77.3856965,37.4005506],[-77.3856794,37.4005266],[-77.3856794,37.4004984],[-77.3857117,37.4004668],[-77.3857758,37.4004603],[-77.3859395,37.4005293],[-77.3861107,37.4006332],[-77.3862625,37.4007816],[-77.386363,37.4008058],[-77.3863758,37.4008275],[-77.3863665,37.4008659],[-77.3864152,37.4009168],[-77.3864489,37.4009855],[-77.3867225,37.4011979],[-77.3869649,37.40131],[-77.3871756,37.4013842],[-77.3872798,37.4014615],[-77.3873642,37.4016197],[-77.3874083,37.4018229],[-77.3875205,37.4021234],[-77.3875364,37.4021229],[-77.387552,37.4021062],[-77.3875638,37.4020522],[-77.3875336,37.4019118],[-77.3875056,37.4016587],[-77.3875348,37.4015887],[-77.3875684,37.4015661],[-77.3876058,37.4015606],[-77.387646,37.4015757],[-77.3877008,37.4016217],[-77.3878348,37.4016858],[-77.3879942,37.4017325],[-77.388129,37.4017881],[-77.3883346,37.4018863],[-77.388494,37.4019798],[-77.3886095,37.4020198],[-77.3887051,37.4020715],[-77.3888865,37.4022076],[-77.3890282,37.4022351],[-77.3891303,37.4022904],[-77.3893683,37.4023879],[-77.3894206,37.4024284],[-77.3895184,37.4025386],[-77.3896789,37.4026635],[-77.389844,37.402872],[-77.3899543,37.4029662],[-77.390092,37.4030505],[-77.3902043,37.4030967],[-77.3902646,37.4031051],[-77.3903507,37.4030897],[-77.390389,37.4031014],[-77.3904569,37.4031579],[-77.390448,37.4032423],[-77.3905219,37.4032931],[-77.390599,37.4033985],[-77.3906846,37.4034639],[-77.3907696,37.4035545],[-77.3909292,37.4036442],[-77.3911428,37.4036887],[-77.3911698,37.4037028],[-77.3912119,37.4037665],[-77.3912721,37.4039244],[-77.3913564,37.4040386],[-77.3914258,37.4041838],[-77.3915331,37.4043416],[-77.3916403,37.4044532],[-77.3917065,37.4045102],[-77.3918575,37.4045899],[-77.3920788,37.4046161],[-77.3922083,37.4047486],[-77.392216,37.404788],[-77.3921845,37.4048597],[-77.392187,37.4048957],[-77.3922451,37.404977],[-77.3923472,37.4049968],[-77.3923765,37.4050187],[-77.3923812,37.4050531],[-77.3923393,37.4051659],[-77.3923388,37.4052046],[-77.3923936,37.4053361],[-77.3925152,37.4055667],[-77.3925766,37.4056295],[-77.392706,37.4056431],[-77.3927707,37.4056772],[-77.3928116,37.4057459],[-77.3928766,37.4059067],[-77.3929826,37.4063784],[-77.3930408,37.4065524],[-77.3930477,37.4067325],[-77.3929672,37.4068502],[-77.3929579,37.4068926],[-77.3929901,37.406902],[-77.3932301,37.4068802],[-77.3932974,37.4069005],[-77.3933254,37.4069323],[-77.3933432,37.4071648],[-77.3933875,37.4073742],[-77.3933914,37.4074514],[-77.3933814,37.4075429],[-77.3933447,37.4076591],[-77.3932989,37.4077293],[-77.3932501,37.4078817],[-77.3932425,37.4080298],[-77.3932629,37.4081505],[-77.3932805,37.4081798],[-77.3933235,37.4081992],[-77.3934319,37.4082047],[-77.3934589,37.4082287],[-77.393426,37.408333],[-77.3934809,37.4086146],[-77.3934846,37.4087663],[-77.3935121,37.4089722],[-77.393503,37.4089932],[-77.3934467,37.4090322],[-77.39342,37.4090982],[-77.393432,37.4092638],[-77.3934151,37.4093855],[-77.3934402,37.4095655],[-77.3934647,37.4095871],[-77.3935481,37.4096029],[-77.3935818,37.4096258],[-77.3936058,37.4096798],[-77.393611,37.4097635],[-77.3935423,37.4101427],[-77.3934548,37.4103086],[-77.3934355,37.410372],[-77.3934292,37.4104992],[-77.3934053,37.4106086],[-77.3934134,37.4108623],[-77.3934336,37.41092],[-77.3934886,37.4109538],[-77.3935601,37.4109632],[-77.3937555,37.4109554],[-77.3937955,37.4110572],[-77.3937358,37.4111451],[-77.3937053,37.411265],[-77.3936404,37.4113959],[-77.3935937,37.4114474],[-77.3935925,37.4115054],[-77.3935637,37.4116001],[-77.3935925,37.411695],[-77.3935593,37.4117451],[-77.3935459,37.4117997],[-77.3935602,37.4119637],[-77.3935777,37.4120406],[-77.3936629,37.4121476],[-77.3937567,37.412217],[-77.3938193,37.4122812],[-77.3938833,37.4124606],[-77.3938693,37.4126899],[-77.3938578,37.4127141],[-77.3937939,37.4127722],[-77.3937867,37.4128714],[-77.3939139,37.413218],[-77.3939217,37.413303],[-77.393976,37.4133732],[-77.394071,37.4136172],[-77.3940573,37.4136692],[-77.3939631,37.4137796],[-77.3939039,37.4138749],[-77.3939089,37.4139684],[-77.3939441,37.4140316],[-77.3939654,37.4141149],[-77.3941678,37.4143691],[-77.3942499,37.4146219],[-77.3942992,37.4147087],[-77.394337,37.4148624],[-77.3944283,37.4150733],[-77.394425,37.4152378],[-77.3945056,37.4153723],[-77.3945455,37.4155081],[-77.3946117,37.4158504],[-77.3947493,37.4162347],[-77.394764,37.4164031],[-77.3947487,37.4167102],[-77.3947638,37.4168501],[-77.3948193,37.4170124],[-77.3948692,37.4171095],[-77.3948939,37.417273],[-77.3950031,37.4176011],[-77.3950168,37.4177015],[-77.3950583,37.4178052],[-77.3951069,37.4180203],[-77.3951816,37.4181683],[-77.3952241,37.4185707],[-77.3953489,37.4187977],[-77.3953487,37.4188412],[-77.3953077,37.4188779],[-77.3953088,37.4189108],[-77.3953914,37.418985],[-77.3954647,37.4190877],[-77.3955602,37.4191722],[-77.3957884,37.4194301],[-77.3958571,37.4194915],[-77.3960564,37.4199084],[-77.3960579,37.4199984],[-77.3960761,37.4200824],[-77.3961868,37.4203223],[-77.3963026,37.4204777],[-77.3964109,37.4206589],[-77.3965342,37.4208156],[-77.396556,37.42089],[-77.3966401,37.4210513],[-77.396849,37.421326],[-77.3969334,37.4214999],[-77.3972528,37.4220316],[-77.3974505,37.4222225],[-77.3977123,37.4225717],[-77.397891,37.4227218],[-77.3980425,37.4229119],[-77.398118,37.4229717],[-77.3982157,37.423078],[-77.398275,37.4231161],[-77.3983131,37.4231837],[-77.3984526,37.4233078],[-77.3986536,37.4235459],[-77.3987758,37.4236452],[-77.3988418,37.423776],[-77.3988642,37.4239594],[-77.3989332,37.4239884],[-77.3989968,37.4240477],[-77.3990903,37.4240743],[-77.3992548,37.4241744],[-77.3993297,37.4242491],[-77.3994401,37.4243191],[-77.3995962,37.4243664],[-77.3997683,37.4243619],[-77.3998866,37.4243756],[-77.4001721,37.4245017],[-77.4005143,37.4246925],[-77.4005901,37.424746],[-77.4010084,37.4249209],[-77.4011645,37.4249493],[-77.4013411,37.4250392],[-77.4014391,37.4250716],[-77.4015144,37.4251121],[-77.4018079,37.425209],[-77.4019222,37.4252707],[-77.4022017,37.4253425],[-77.4024226,37.4253619],[-77.4026988,37.4254325],[-77.4030054,37.4254925],[-77.4030611,37.4254928],[-77.4031791,37.4254695],[-77.4031858,37.4255051],[-77.4030689,37.4257993],[-77.4030995,37.425817],[-77.4032386,37.4258496],[-77.4032686,37.4258279],[-77.4033966,37.4255382],[-77.4034249,37.4255113],[-77.4035469,37.4255572],[-77.4039328,37.4256083],[-77.4041347,37.4255661],[-77.4042182,37.425563],[-77.4043537,37.4254959],[-77.4045314,37.4255209],[-77.4046881,37.4255297],[-77.4047839,37.4255133],[-77.4048972,37.4255095],[-77.4050485,37.4254813],[-77.4053649,37.4254716],[-77.4054784,37.4254398],[-77.4059144,37.425388],[-77.4060338,37.4253287],[-77.4061263,37.4253098],[-77.4061907,37.4252681],[-77.4062666,37.4252382],[-77.4063787,37.4252529],[-77.4065316,37.4252397],[-77.4068156,37.425163],[-77.4068886,37.4251283],[-77.406972,37.4250666],[-77.4070054,37.4250565],[-77.407043,37.4250628],[-77.4071125,37.4251431],[-77.4071733,37.4251725],[-77.4075255,37.4251698],[-77.4075837,37.4251396],[-77.4076153,37.4250631],[-77.4076541,37.4250231],[-77.4077852,37.4249456],[-77.4078951,37.4249035],[-77.4082247,37.424852],[-77.4084135,37.424793],[-77.4086192,37.4247595],[-77.4087251,37.4247232],[-77.40881,37.4247178],[-77.4089174,37.4246837],[-77.4092363,37.4246512],[-77.4093326,37.4246512],[-77.4094648,37.4246106],[-77.4095035,37.4246187],[-77.4096065,37.4246778],[-77.4098167,37.4248187],[-77.4098197,37.4248377],[-77.409754,37.4248856],[-77.4096373,37.4249267],[-77.4093377,37.4249681],[-77.4091914,37.4249781],[-77.4091796,37.4249826],[-77.4091539,37.4249924],[-77.409157,37.4250104],[-77.4093026,37.4250244],[-77.4096002,37.4250107],[-77.4096739,37.4249985],[-77.4098029,37.4249535],[-77.4100103,37.4249351],[-77.4100637,37.4249531],[-77.410135,37.4250034],[-77.4102197,37.425026],[-77.4103539,37.4250896],[-77.4103659,37.425067],[-77.4103438,37.4250256],[-77.4102157,37.424961],[-77.4101597,37.424892],[-77.4100528,37.4248288],[-77.4099943,37.4247036],[-77.4099896,37.4246626],[-77.4100203,37.4246131],[-77.4101737,37.4245083],[-77.4102559,37.4244245],[-77.4104054,37.4243514],[-77.4104976,37.4242919],[-77.4106242,37.4242307],[-77.4110005,37.42411],[-77.4111886,37.4240327],[-77.4114609,37.4239559],[-77.4116931,37.4238474],[-77.4118693,37.4238114],[-77.4119718,37.4237641],[-77.41203,37.423689],[-77.4120632,37.4236914],[-77.4121426,37.4237246],[-77.4122103,37.4237255],[-77.4124893,37.423625],[-77.4128561,37.4235321],[-77.4130399,37.4234528],[-77.4132207,37.4234034],[-77.4135788,37.4233328],[-77.4138617,37.4232619],[-77.4143167,37.4232161],[-77.4144984,37.4232128],[-77.4146429,37.4231976],[-77.4147802,37.4231976],[-77.4150183,37.4232232],[-77.4152727,37.4232217],[-77.4154164,37.4232036],[-77.4159834,37.4232305],[-77.4162479,37.4232112],[-77.4167482,37.4232305],[-77.4171443,37.4232107],[-77.4180608,37.4232486],[-77.4184507,37.4232942],[-77.4188967,37.4233199],[-77.4191655,37.4233618],[-77.4193193,37.4234252],[-77.4193909,37.4234432],[-77.4195607,37.4234507],[-77.4196451,37.4234882],[-77.4198363,37.4236157],[-77.4199928,37.4236931],[-77.4201265,37.4237442],[-77.4202264,37.4238081],[-77.4203141,37.4238394],[-77.4204572,37.423856],[-77.4205695,37.4239031],[-77.4207793,37.4240435],[-77.4209619,37.4241382],[-77.4210373,37.4242238],[-77.4211115,37.4242526],[-77.4211952,37.4242606],[-77.4212298,37.4242741],[-77.4212778,37.4243592],[-77.4214459,37.4244452],[-77.4215422,37.4245625],[-77.4216845,37.4245968],[-77.4217685,37.424641],[-77.4218483,37.4247219],[-77.4221406,37.4248355],[-77.4222267,37.4249093],[-77.4223222,37.4249615],[-77.4224793,37.4250866],[-77.4225811,37.4252364],[-77.4227331,37.4253235],[-77.4228958,37.4254814],[-77.4232376,37.4256478],[-77.4234276,37.4258342],[-77.4235203,37.4258877],[-77.4236878,37.4259449],[-77.4238038,37.4260697],[-77.4239193,37.4261251],[-77.4239842,37.4261737],[-77.4240939,37.426342],[-77.4241861,37.4263996],[-77.4242847,37.4265167],[-77.4243756,37.4265777],[-77.4244635,37.4266587],[-77.4246902,37.4270224],[-77.4248696,37.4272739],[-77.4249455,37.4274986],[-77.4250726,37.4277158],[-77.4251476,37.4277977],[-77.4251886,37.4279022],[-77.4251855,37.4280178],[-77.4252718,37.4282426],[-77.425277,37.428418],[-77.4254014,37.4286766],[-77.4254916,37.4287697],[-77.4255829,37.4289058],[-77.4256832,37.4291541],[-77.4257004,37.4292567],[-77.4257699,37.429405],[-77.4258048,37.4296696],[-77.4257849,37.4298677],[-77.4257966,37.4300259],[-77.4258958,37.4301927],[-77.4260822,37.4304276],[-77.4261722,37.4306313],[-77.426253,37.4309686],[-77.4262921,37.4312381],[-77.4262714,37.4312938],[-77.4261862,37.4314205],[-77.4261941,37.4315005],[-77.4263437,37.4316878],[-77.4264364,37.4317719],[-77.4264396,37.4318609],[-77.4263816,37.4318933],[-77.4263753,37.431915],[-77.4265042,37.4322383],[-77.4265551,37.4322998],[-77.4266538,37.4323612],[-77.4267463,37.4324707],[-77.4268827,37.4325349],[-77.4269403,37.4326405],[-77.4269141,37.4328038],[-77.4269243,37.4328909],[-77.4268685,37.4329491],[-77.4268337,37.4330409],[-77.4267563,37.4331187],[-77.426786,37.4331744],[-77.4267886,37.4332377],[-77.4268186,37.433311],[-77.4267968,37.4334219],[-77.4268179,37.4335203],[-77.4267246,37.4336974],[-77.4267181,37.4337414],[-77.4267333,37.4338534],[-77.42667,37.4339572],[-77.4267376,37.4340974],[-77.4267436,37.4341483],[-77.4266723,37.4342826],[-77.4266433,37.434503],[-77.4265532,37.4346823],[-77.4264629,37.434825],[-77.4264407,37.4348906],[-77.4263967,37.4349445],[-77.4263942,37.4350176],[-77.4263482,37.4351031],[-77.4262933,37.4351388],[-77.4261846,37.4351523],[-77.4261659,37.43517],[-77.4261613,37.4352495],[-77.4262561,37.4353872],[-77.4262498,37.4354531],[-77.4260803,37.435576],[-77.4259397,37.4357774],[-77.4258836,37.435821],[-77.4258414,37.4358753],[-77.4257734,37.4359142],[-77.4256899,37.4360114],[-77.4255768,37.4361015],[-77.4254993,37.4362138],[-77.4254908,37.4362445],[-77.4254991,37.4362762],[-77.4255783,37.4363808],[-77.425569,37.4364984],[-77.4255013,37.4365459],[-77.4254676,37.436609],[-77.4253652,37.4366944],[-77.4253414,37.4367768],[-77.4252145,37.4369422],[-77.4251747,37.436964],[-77.4250986,37.4369591],[-77.4250636,37.4370575],[-77.4249825,37.4370842],[-77.424961,37.4371014],[-77.4249738,37.4371542],[-77.4250552,37.437251],[-77.4250535,37.4372908],[-77.4250281,37.4373266],[-77.4249607,37.437372],[-77.4248861,37.4374901],[-77.4248028,37.4375193],[-77.4247561,37.4375586],[-77.424657,37.4377662],[-77.4245746,37.4378771],[-77.4244848,37.4379617],[-77.4243453,37.4382195],[-77.4243346,37.4383237],[-77.4243501,37.4384174],[-77.4243281,37.4384802],[-77.4242881,37.4385095],[-77.424185,37.4385245],[-77.4240821,37.4386154],[-77.4239684,37.4386549],[-77.4239404,37.4387403],[-77.4238551,37.4388185],[-77.4238168,37.4389362],[-77.4237163,37.4390147],[-77.4236821,37.4390972],[-77.4235433,37.4392127],[-77.4235001,37.4393022],[-77.4234327,37.4393647],[-77.4233938,37.439477],[-77.4233308,37.4394937],[-77.4234101,37.4395603],[-77.4233974,37.4396106],[-77.4233387,37.43966],[-77.4232085,37.4397095],[-77.4230448,37.4398801],[-77.4229925,37.4400032],[-77.4228849,37.4401783],[-77.4228521,37.4402826],[-77.4227824,37.4403671],[-77.4227184,37.4404814],[-77.422639,37.4405632],[-77.4225157,37.4408036],[-77.4222762,37.4410536],[-77.4222135,37.4411376],[-77.4221051,37.4413324],[-77.422107,37.44151],[-77.4220328,37.4416361],[-77.4219893,37.4416863],[-77.4219031,37.4417531],[-77.4216657,37.441912],[-77.4216292,37.4419699],[-77.4215516,37.4420498],[-77.421515,37.4421299],[-77.4215195,37.442242],[-77.4214614,37.4424154],[-77.4213938,37.4425016],[-77.421317,37.4426758],[-77.4211895,37.4428359],[-77.4211634,37.4429115],[-77.4209946,37.4432273],[-77.4208562,37.4434095],[-77.4207153,37.4436754],[-77.4205942,37.4438175],[-77.4205442,37.4439611],[-77.420286,37.4443887],[-77.4202643,37.444497],[-77.4202198,37.4445918],[-77.4200421,37.4448584],[-77.4199352,37.4449606],[-77.4198581,37.4450911],[-77.4197517,37.4451948],[-77.4197228,37.4453039],[-77.4195987,37.4454668],[-77.4195559,37.4455639],[-77.4194931,37.4456259],[-77.4194864,37.4457344],[-77.4194206,37.4458505],[-77.4193813,37.4459552],[-77.4193104,37.4460115],[-77.4192671,37.4460901],[-77.4191682,37.4461307],[-77.4191805,37.4462826],[-77.4191467,37.4463645],[-77.4190207,37.4465241],[-77.4189584,37.4465679],[-77.4188872,37.4466337],[-77.4188094,37.4467351],[-77.4187492,37.4468616],[-77.4187247,37.4469742],[-77.4187403,37.4470429],[-77.4187722,37.4471052],[-77.4187731,37.4471436],[-77.4186705,37.4473226],[-77.4186286,37.4474616],[-77.4186205,37.4475602],[-77.4185925,37.4476551],[-77.4185904,37.4478039],[-77.4185056,37.447999],[-77.4185146,37.4481164],[-77.4184681,37.4482476],[-77.4184835,37.4484038],[-77.4185106,37.44848],[-77.4185068,37.4485776],[-77.4184261,37.4487511],[-77.4183338,37.4488818],[-77.4182767,37.4490231],[-77.4182831,37.4491672],[-77.4182635,37.4492803],[-77.4181517,37.4494223],[-77.4181461,37.4495576],[-77.4180593,37.4497475],[-77.4180538,37.449942],[-77.4180149,37.4501085],[-77.4178536,37.4504252],[-77.417818,37.450698],[-77.4177456,37.45082],[-77.4177669,37.4509468],[-77.4177635,37.4510161],[-77.4177316,37.451092],[-77.4176413,37.4512394],[-77.417555,37.4516989],[-77.4175166,37.4517912],[-77.4175243,37.4519982],[-77.4175538,37.4520421],[-77.4176395,37.4521089],[-77.4176649,37.452177],[-77.4176581,37.4522393],[-77.4176154,37.4523477],[-77.4176017,37.4524957],[-77.4175363,37.4525996],[-77.4175301,37.4526856],[-77.4174671,37.4528657],[-77.417494,37.4530511],[-77.4174892,37.4533659],[-77.417582,37.4539045],[-77.4175785,37.4540123],[-77.4176229,37.4543338],[-77.4176783,37.4545124],[-77.4177173,37.4545507],[-77.4177732,37.4545803],[-77.4177979,37.4546163],[-77.4177763,37.4546747],[-77.4176836,37.4547555],[-77.4177692,37.4547914],[-77.4178038,37.4548198],[-77.4178186,37.4548553],[-77.4178156,37.4549282],[-77.4178772,37.4550204],[-77.4178747,37.4550692],[-77.4178104,37.4551887],[-77.4178606,37.4551841],[-77.4178922,37.4551967],[-77.4179342,37.4552937],[-77.4179447,37.4555124],[-77.4180005,37.4557676],[-77.4180164,37.4560027],[-77.4181036,37.4564596],[-77.4181339,37.4567123],[-77.4182575,37.457243],[-77.4182733,37.4573582],[-77.4183572,37.4576494],[-77.4183635,37.4577829],[-77.4183939,37.4578979],[-77.4184197,37.4580903],[-77.418502,37.4583314],[-77.4185225,37.4584404],[-77.4185889,37.4585701],[-77.4185833,37.458647],[-77.4185555,37.4587488],[-77.4185547,37.4588399],[-77.4185168,37.4589707],[-77.4184924,37.4589964],[-77.4184485,37.4590115],[-77.4184142,37.4590102],[-77.4183894,37.4589955],[-77.4183729,37.4589653],[-77.4183709,37.4588929],[-77.4184136,37.4588177],[-77.4184158,37.458776],[-77.418302,37.4585933],[-77.4182529,37.4583936],[-77.4181838,37.4582321],[-77.4181503,37.4580964],[-77.4181534,37.4579231],[-77.4181397,37.4578459],[-77.4180218,37.4576424],[-77.4179773,37.4575182],[-77.4178994,37.4574194],[-77.4178724,37.4574039],[-77.4178326,37.457395],[-77.4178122,37.4574011],[-77.4177863,37.4574683],[-77.4178305,37.4575734],[-77.4178376,37.4576503],[-77.4178762,37.4577906],[-77.4178353,37.4579962],[-77.4178451,37.4581518],[-77.4178242,37.4582232],[-77.4178263,37.4582831],[-77.4179489,37.4585703],[-77.4180207,37.4587941],[-77.417997,37.458907],[-77.4180275,37.4589163],[-77.4181376,37.4588961],[-77.4181992,37.4589292],[-77.4182289,37.4589766],[-77.4182485,37.4590679],[-77.4183174,37.45915],[-77.418301,37.4592135],[-77.4184105,37.4592864],[-77.4184588,37.4593626],[-77.4185469,37.459412],[-77.4185858,37.4594724],[-77.4186282,37.4595897],[-77.4186836,37.4598431],[-77.418787,37.4600952],[-77.4188446,37.4603016],[-77.4188465,37.4603539],[-77.4188131,37.4604135],[-77.4188789,37.4604708],[-77.4189556,37.4606223],[-77.4189719,37.4607465],[-77.4190282,37.4609045],[-77.4190466,37.4610506],[-77.4190866,37.4611607],[-77.4191468,37.4612719],[-77.419126,37.4613883],[-77.4191895,37.4614896],[-77.419188,37.4615579],[-77.419164,37.4616458],[-77.4191744,37.4617601],[-77.4191585,37.4619248],[-77.4191879,37.4619541],[-77.4192679,37.4619584],[-77.4192982,37.4619822],[-77.4193095,37.4620262],[-77.419304,37.462135],[-77.4193609,37.4622479],[-77.4193876,37.4623761],[-77.4195152,37.4625887],[-77.4195103,37.4626517],[-77.4194578,37.462827],[-77.4195147,37.4629597],[-77.4195208,37.4630918],[-77.4195634,37.4632595],[-77.4195686,37.4634301],[-77.419599,37.4635484],[-77.4195984,37.463652],[-77.419624,37.4637429],[-77.4196182,37.4638372],[-77.4196553,37.4639734],[-77.4196593,37.4640888],[-77.4196804,37.4641673],[-77.419674,37.4643512],[-77.4196899,37.464398],[-77.4197614,37.4645024],[-77.4197862,37.4646212],[-77.4198397,37.4647356],[-77.4198874,37.4647978],[-77.4199772,37.4650216],[-77.419992,37.4653536],[-77.4199726,37.465607],[-77.4199856,37.465678],[-77.4199788,37.4656982],[-77.4199634,37.4657043],[-77.4198788,37.465621],[-77.4198751,37.4656395],[-77.4199023,37.4656953],[-77.4199598,37.4657569],[-77.4200708,37.4659211],[-77.4201207,37.4659474],[-77.4202277,37.4659572],[-77.4202564,37.4659815],[-77.420258,37.4661129],[-77.4203499,37.4665047],[-77.4204099,37.4670835],[-77.4205862,37.4673655],[-77.4206273,37.4674952],[-77.420679,37.467633],[-77.420714,37.467837],[-77.420706,37.467964],[-77.420708,37.468006],[-77.420679,37.468013],[-77.420637,37.468018],[-77.420525,37.467981],[-77.420409,37.467954],[-77.420228,37.467941],[-77.420161,37.467947],[-77.420243,37.467963],[-77.420365,37.468006],[-77.420568,37.46805],[-77.420709,37.468109],[-77.420747,37.468161],[-77.4207545,37.4681995],[-77.420772,37.468282],[-77.420788,37.46833],[-77.420805,37.468352],[-77.420961,37.468471],[-77.420989,37.468497],[-77.421017,37.468491],[-77.421031,37.468496],[-77.421072,37.468514],[-77.42107,37.468553],[-77.421088,37.46863],[-77.421002,37.468725],[-77.42103,37.4688015],[-77.421045,37.468841],[-77.421051,37.468935],[-77.421067,37.468955],[-77.421067,37.468962],[-77.421072,37.469007],[-77.421057,37.469045],[-77.42106,37.46909],[-77.421083,37.469188],[-77.421104,37.469215],[-77.421114,37.469237],[-77.421114,37.469255],[-77.421076,37.469295],[-77.421108,37.46933],[-77.421111,37.469359],[-77.421119,37.469433],[-77.421103,37.469509],[-77.421087,37.469547],[-77.42109,37.469604],[-77.42111,37.469694],[-77.42111,37.469735],[-77.421123,37.46976],[-77.421149,37.469788],[-77.421172,37.469796],[-77.421198,37.469796],[-77.421227,37.469809],[-77.421237,37.469842],[-77.421239,37.469864],[-77.421237,37.469933],[-77.42133,37.470265],[-77.421339,37.470321],[-77.421359,37.470413],[-77.42136,37.4704155],[-77.42138,37.470499],[-77.42138,37.470535],[-77.421365,37.470645],[-77.421366,37.470664],[-77.421367,37.4706665],[-77.421372,37.470709],[-77.421383,37.470772],[-77.42141,37.470791],[-77.421445,37.470821],[-77.421492,37.470861],[-77.421497,37.470928],[-77.421487,37.471039],[-77.421495,37.471072],[-77.421526,37.471137],[-77.42156,37.471165],[-77.421643,37.471137],[-77.421665,37.471132],[-77.421729,37.471153],[-77.421678,37.471174],[-77.421648,37.471202],[-77.42166,37.471232],[-77.421711,37.471294],[-77.421843,37.47159],[-77.421916,37.471717],[-77.421956,37.47184],[-77.422003,37.471933],[-77.422069,37.472101],[-77.422099,37.472143],[-77.422114,37.47218],[-77.422109,37.472215],[-77.422128,37.472265],[-77.422131,37.472287],[-77.422126,37.472325],[-77.42211,37.472345],[-77.42206,37.472391],[-77.422029,37.472432],[-77.421984,37.472471],[-77.421952,37.472531],[-77.421942,37.47255],[-77.421936,37.472605],[-77.421948,37.472684],[-77.421942,37.472727],[-77.421896,37.472811],[-77.42191,37.472838],[-77.421912,37.472862],[-77.421896,37.472947],[-77.421823,37.473232],[-77.421817,37.4732485],[-77.421816,37.473251],[-77.421815,37.473255],[-77.421814,37.473258],[-77.421804,37.473293],[-77.421801,37.473338],[-77.421799,37.473481],[-77.421791,37.473559],[-77.421797,37.473656],[-77.421838,37.473734],[-77.421833,37.473804],[-77.421831,37.473807],[-77.421828,37.473818],[-77.421812,37.473879],[-77.421832,37.473944],[-77.421839,37.4739795],[-77.421842,37.473993],[-77.421825,37.474056],[-77.421798,37.474101],[-77.421795,37.47413],[-77.421803,37.474201],[-77.421815,37.474249],[-77.421815,37.474318],[-77.421815,37.47436],[-77.421815,37.474396],[-77.4218,37.474432],[-77.421778,37.474471],[-77.42178,37.474489],[-77.421802,37.474513],[-77.421816,37.474541],[-77.421803,37.474561],[-77.421777,37.47461],[-77.421779,37.474657],[-77.421805,37.474755],[-77.421801,37.474968],[-77.4218118,37.4750323],[-77.421819,37.47507],[-77.421824,37.47512],[-77.421829,37.475166],[-77.42183,37.475269],[-77.421804,37.4753675],[-77.421802,37.475373],[-77.421798,37.475395],[-77.421791,37.475453],[-77.421794,37.475526],[-77.42179,37.475593],[-77.421776,37.475642],[-77.421773,37.475692],[-77.421781,37.475755],[-77.42179,37.475779],[-77.421793,37.475827],[-77.421782,37.475845],[-77.421766,37.475914],[-77.421761,37.476023],[-77.421768,37.476175],[-77.421756,37.4763275],[-77.421755,37.476333],[-77.421754,37.47637],[-77.421763,37.476424],[-77.421764,37.476427],[-77.421741,37.476448],[-77.421727,37.476517],[-77.421693,37.476594],[-77.421681,37.476715],[-77.42167,37.476816],[-77.42167,37.476818],[-77.421669,37.476824],[-77.421667,37.476859],[-77.421677,37.476917],[-77.421678,37.476923],[-77.421679,37.476927],[-77.421673,37.476944],[-77.421673,37.476946],[-77.42166,37.476961],[-77.421655,37.476986],[-77.4216565,37.4770705],[-77.421657,37.477074],[-77.421659,37.477116],[-77.421652,37.47715],[-77.421667,37.477174],[-77.421641,37.47722],[-77.421656,37.477237],[-77.421668,37.477237],[-77.421729,37.477237],[-77.42171,37.477284],[-77.421695,37.477299],[-77.421662,37.477326],[-77.421626,37.477339],[-77.421611,37.477353],[-77.421615,37.477371],[-77.421603,37.477419],[-77.421629,37.477484],[-77.421687,37.477487],[-77.421718,37.477476],[-77.421751,37.477508],[-77.421707,37.477508],[-77.4216,37.477519],[-77.421562,37.477544],[-77.421534,37.47755],[-77.421515,37.477562],[-77.421516,37.477613],[-77.421502,37.477636],[-77.421456,37.477687],[-77.421445,37.477707],[-77.421438,37.477732],[-77.421426,37.477904],[-77.42143,37.477945],[-77.421409,37.478061],[-77.421417,37.478089],[-77.421432,37.478104],[-77.421456,37.478109],[-77.421476,37.478122],[-77.421461,37.478177],[-77.421427,37.478208],[-77.421414,37.478235],[-77.421413,37.478276],[-77.421375,37.478367],[-77.421363,37.478436],[-77.421367,37.478479],[-77.421362,37.478569],[-77.421368,37.478623],[-77.421375,37.478647],[-77.421386,37.478663],[-77.421438,37.478669],[-77.421533,37.47867],[-77.421555,37.478662],[-77.421607,37.478666],[-77.421654,37.478678],[-77.421615,37.478696],[-77.421578,37.478701],[-77.42154,37.478699],[-77.421508,37.478698],[-77.421486,37.478703],[-77.421469,37.478715],[-77.421403,37.47883],[-77.421387,37.478846],[-77.421336,37.478961],[-77.421311,37.47905],[-77.421295,37.47913],[-77.421304,37.479195],[-77.421336,37.479256],[-77.421342,37.479291],[-77.421357,37.479306],[-77.4214,37.479324],[-77.421419,37.47935],[-77.421417,37.479428],[-77.42141,37.47946],[-77.421388,37.479507],[-77.421315,37.479636],[-77.421313,37.479673],[-77.421344,37.479781],[-77.421308,37.479883],[-77.421325,37.479924],[-77.421402,37.479942],[-77.421441,37.479939],[-77.421516,37.479932],[-77.421544,37.479913],[-77.421563,37.479957],[-77.421547,37.47999],[-77.421466,37.479984],[-77.421419,37.479978],[-77.421387,37.480019],[-77.421353,37.480097],[-77.421317,37.480104],[-77.421292,37.480108],[-77.421253,37.480153],[-77.421245,37.480225],[-77.421246,37.480286],[-77.421249,37.480405],[-77.421274,37.480548],[-77.421275,37.480579],[-77.421281,37.480597],[-77.421333,37.480607],[-77.421352,37.480677],[-77.421377,37.480725],[-77.421324,37.480756],[-77.421303,37.480773],[-77.421288,37.480807],[-77.421281,37.480845],[-77.421287,37.480889],[-77.421253,37.481049],[-77.421269,37.481118],[-77.421325,37.481131],[-77.421349,37.481133],[-77.421392,37.481128],[-77.421397,37.481152],[-77.421375,37.481228],[-77.421378,37.481245],[-77.421382,37.481262],[-77.421445,37.481273],[-77.421465,37.481293],[-77.421472,37.481322],[-77.421399,37.481309],[-77.421347,37.481333],[-77.421309,37.481408],[-77.421265,37.481521],[-77.421209,37.481657],[-77.421208,37.481803],[-77.421239,37.481839],[-77.421237,37.481869],[-77.421234,37.481913],[-77.421226,37.481952],[-77.42123,37.481973],[-77.421236,37.482043],[-77.421243,37.482127],[-77.421267,37.482159],[-77.421278,37.482219],[-77.421285,37.482285],[-77.421289,37.482322],[-77.421322,37.482334],[-77.421359,37.48232],[-77.42139,37.482324],[-77.421416,37.482348],[-77.421394,37.482363],[-77.421363,37.482374],[-77.421339,37.482393],[-77.421319,37.482421],[-77.421298,37.482529],[-77.421283,37.482555],[-77.42135,37.482479],[-77.421404,37.482381],[-77.421438,37.482319],[-77.42145,37.482261],[-77.421427,37.482114],[-77.421513,37.482314],[-77.421273,37.482927],[-77.421434,37.482922],[-77.42144,37.482949],[-77.42144,37.482996],[-77.42144,37.483037],[-77.421433,37.483103],[-77.421391,37.483213],[-77.421365,37.483284],[-77.42137,37.483305],[-77.421387,37.483369],[-77.421393,37.483391],[-77.421399,37.48341],[-77.421402,37.48346],[-77.421406,37.483514],[-77.421392,37.483558],[-77.421337,37.483624],[-77.421326,37.483647],[-77.421296,37.4837115],[-77.421287,37.48376],[-77.421275,37.483828],[-77.421301,37.483906],[-77.421318,37.483954],[-77.42133,37.483987],[-77.421338,37.484023],[-77.421351,37.48408],[-77.421351,37.484157],[-77.42133,37.484217],[-77.421316,37.484231],[-77.421268,37.484285],[-77.421263,37.484291],[-77.421261,37.484294],[-77.421248,37.484309],[-77.421244,37.484316],[-77.42119,37.484391],[-77.421144,37.484459],[-77.421116,37.48453],[-77.42113,37.484574],[-77.421165,37.484629],[-77.42117,37.484634],[-77.421235,37.484701],[-77.42124,37.484706],[-77.421246,37.484718],[-77.421277,37.484772],[-77.421288,37.484791],[-77.421302,37.484816],[-77.421302,37.484846],[-77.421302,37.484854],[-77.421275,37.484915],[-77.421222,37.485004],[-77.421191,37.485055],[-77.421186,37.485128],[-77.421207,37.485218],[-77.421207,37.485257],[-77.421256,37.485325],[-77.421262,37.485367],[-77.421256,37.485397],[-77.421241,37.485464],[-77.421203,37.485524],[-77.421169,37.485555],[-77.421105,37.485604],[-77.421059,37.485639],[-77.421026,37.485676],[-77.420948,37.485816],[-77.420899,37.485889],[-77.420895,37.485917],[-77.420905,37.48595],[-77.420938,37.485973],[-77.421016,37.485982],[-77.421098,37.485982],[-77.421174,37.485982],[-77.421251,37.485987],[-77.421318,37.486005],[-77.421335,37.486038],[-77.421338,37.486059],[-77.421321,37.486135],[-77.421304,37.486184],[-77.421281,37.486254],[-77.421241,37.486312],[-77.421166,37.486383],[-77.421126,37.486434],[-77.421076,37.48652],[-77.421077,37.486576],[-77.421093,37.486668],[-77.421062,37.486733],[-77.42109,37.48688],[-77.421092,37.48693],[-77.421094,37.486978],[-77.421125,37.487036],[-77.421164,37.487068],[-77.421231,37.487076],[-77.421325,37.487075],[-77.421393,37.48707],[-77.421464,37.487057],[-77.421509,37.487055],[-77.421518,37.487074],[-77.421407,37.487127],[-77.421368,37.487199],[-77.421345,37.487254],[-77.421346,37.487321],[-77.421332,37.487373],[-77.421331,37.487417],[-77.421329,37.487472],[-77.42134,37.487525],[-77.421331,37.487595],[-77.42128,37.487697],[-77.421265,37.487745],[-77.421264,37.487831],[-77.421263,37.487895],[-77.421253,37.487982],[-77.421257,37.488013],[-77.421278,37.488087],[-77.421315,37.488135],[-77.421358,37.488176],[-77.421437,37.48818],[-77.421467,37.48817],[-77.421512,37.488167],[-77.421578,37.488175],[-77.421606,37.488208],[-77.42152,37.488211],[-77.421498,37.488212],[-77.421483,37.488226],[-77.42145,37.4883],[-77.42142,37.488368],[-77.421411,37.488431],[-77.421409,37.488475],[-77.421407,37.488537],[-77.421408,37.488608],[-77.421409,37.488666],[-77.42142,37.488741],[-77.421423,37.488796],[-77.421428,37.488873],[-77.421456,37.488929],[-77.421497,37.488951],[-77.421509,37.488971],[-77.421479,37.489024],[-77.421435,37.48908],[-77.421415,37.489113],[-77.421398,37.489162],[-77.421385,37.489232],[-77.421371,37.489306],[-77.421364,37.489401],[-77.421406,37.48954],[-77.421442,37.489599],[-77.421493,37.489623],[-77.421532,37.489616],[-77.421569,37.489588],[-77.421615,37.48962],[-77.421638,37.489622],[-77.421685,37.4896],[-77.421711,37.489612],[-77.421696,37.489627],[-77.4216,37.489664],[-77.421557,37.489671],[-77.421522,37.489697],[-77.421525,37.489766],[-77.421517,37.489808],[-77.421524,37.489867],[-77.421499,37.489956],[-77.421483,37.490011],[-77.421479,37.490071],[-77.421485,37.490125],[-77.421491,37.490181],[-77.421523,37.490305],[-77.421555,37.490394],[-77.421578,37.490458],[-77.421586,37.490489],[-77.421597,37.490533],[-77.4216,37.490561],[-77.421603,37.49059],[-77.421619,37.49066],[-77.421608,37.490729],[-77.421612,37.490802],[-77.42161,37.490885],[-77.42161,37.490895],[-77.421609,37.490936],[-77.421593,37.490973],[-77.421575,37.490986],[-77.42155,37.490989],[-77.421506,37.490996],[-77.421505,37.491032],[-77.421514,37.491075],[-77.421555,37.491132],[-77.421612,37.491148],[-77.421698,37.491133],[-77.421727,37.491131],[-77.421771,37.491128],[-77.421824,37.49113],[-77.421846,37.491143],[-77.421826,37.491165],[-77.421737,37.491183],[-77.421694,37.491192],[-77.421662,37.491207],[-77.421653,37.49123],[-77.421658,37.491285],[-77.421665,37.491366],[-77.421658,37.491489],[-77.4216568,37.4915025],[-77.421655,37.491536],[-77.421659,37.491591],[-77.421659,37.49173],[-77.421691,37.49181],[-77.421683,37.491834],[-77.421688,37.491889],[-77.421715,37.492007],[-77.421776,37.492151],[-77.421825,37.492265],[-77.421844,37.492327],[-77.421869,37.492409],[-77.421885,37.492508],[-77.421886,37.492561],[-77.421898,37.492633],[-77.42191,37.492708],[-77.421919,37.492719],[-77.421949,37.492753],[-77.421989,37.492765],[-77.422021,37.492772],[-77.422058,37.492779],[-77.422055,37.492797],[-77.422021,37.492808],[-77.421999,37.492815],[-77.421975,37.492828],[-77.421963,37.492847],[-77.421969,37.492874],[-77.421995,37.492941],[-77.422003,37.493048],[-77.422036,37.493186],[-77.422042,37.49321],[-77.422058,37.493307],[-77.422084,37.49343],[-77.42211,37.493515],[-77.422126,37.493566],[-77.422146,37.493631],[-77.422168,37.493644],[-77.422208,37.493643],[-77.422242,37.493663],[-77.422216,37.49369],[-77.42219,37.493718],[-77.422191,37.493751],[-77.4222,37.493789],[-77.422208,37.493847],[-77.422224,37.493971],[-77.422259,37.494087],[-77.422251,37.494146],[-77.422266,37.494252],[-77.422277,37.494295],[-77.422298,37.494374],[-77.422325,37.494428],[-77.42237,37.494507],[-77.422414,37.494524],[-77.422416,37.494558],[-77.4224,37.494602],[-77.422429,37.494771],[-77.422465,37.494886],[-77.422479,37.494918],[-77.422584,37.49527],[-77.422612,37.49549],[-77.422618,37.495536],[-77.422644,37.495685],[-77.422656,37.495728],[-77.422691,37.495767],[-77.422753,37.49578],[-77.422812,37.495793],[-77.42283,37.495814],[-77.422804,37.495846],[-77.422771,37.495874],[-77.422743,37.495892],[-77.422723,37.495905],[-77.422703,37.495936],[-77.422691,37.495981],[-77.422693,37.496026],[-77.42271,37.496061],[-77.422752,37.496096],[-77.422779,37.496105],[-77.422806,37.496139],[-77.422815,37.496163],[-77.422804,37.496187],[-77.422794,37.496209],[-77.422737,37.496257],[-77.422691,37.496288],[-77.422687,37.49632],[-77.422695,37.496365],[-77.422719,37.496366],[-77.422767,37.496351],[-77.422787,37.496377],[-77.422782,37.496413],[-77.422756,37.496451],[-77.422711,37.496488],[-77.422672,37.496553],[-77.422662,37.496597],[-77.422647,37.496618],[-77.422629,37.49663],[-77.422608,37.496663],[-77.422586,37.496697],[-77.422573,37.496733],[-77.42253,37.496852],[-77.42253,37.496893],[-77.422531,37.496937],[-77.422555,37.497006],[-77.422608,37.497037],[-77.422665,37.49704],[-77.422748,37.497037],[-77.422779,37.497053],[-77.422776,37.497075],[-77.422762,37.497087],[-77.422743,37.497095],[-77.422598,37.497124],[-77.422465,37.497211],[-77.422268,37.497372],[-77.422221,37.497435],[-77.422178,37.497494],[-77.422156,37.497554],[-77.422174,37.497595],[-77.422208,37.497624],[-77.422188,37.497642],[-77.422096,37.497696],[-77.421996,37.497829],[-77.421989,37.497888],[-77.421993,37.498021],[-77.422016,37.498118],[-77.422052,37.498136],[-77.422095,37.498141],[-77.422126,37.498165],[-77.422177,37.498195],[-77.42223,37.498213],[-77.422322,37.498232],[-77.422329,37.498258],[-77.422307,37.498272],[-77.422271,37.498271],[-77.422153,37.498241],[-77.422103,37.498236],[-77.422029,37.498229],[-77.422004,37.498242],[-77.421971,37.498288],[-77.421939,37.498354],[-77.421858,37.498499],[-77.421836,37.498547],[-77.421829,37.498576],[-77.421835,37.498605],[-77.421817,37.498646],[-77.421802,37.498666],[-77.421761,37.498756],[-77.421706,37.498876],[-77.421674,37.498959],[-77.421672,37.498989],[-77.421607,37.499074],[-77.421414,37.499329],[-77.421397,37.499353],[-77.421353,37.499417],[-77.421304,37.499488],[-77.421238,37.499589],[-77.421183,37.499704],[-77.42118,37.499715],[-77.42116,37.499799],[-77.421156,37.499811],[-77.421148,37.499848],[-77.421146,37.499861],[-77.421135,37.499913],[-77.421133,37.499915],[-77.421052,37.500056],[-77.421046,37.500058],[-77.420997,37.500084],[-77.420949,37.500108],[-77.420867,37.500151],[-77.420816,37.500194],[-77.420776,37.500229],[-77.420715,37.500283],[-77.420678,37.500355],[-77.420578,37.500552],[-77.420472,37.500797],[-77.420453,37.500843],[-77.420387,37.500935],[-77.420373,37.500954],[-77.420364,37.500969],[-77.420322,37.501005],[-77.420305,37.501022],[-77.420294,37.501031],[-77.420264,37.50106],[-77.420254,37.50107],[-77.420246,37.501076],[-77.420225,37.501096],[-77.420218,37.501103],[-77.42021,37.501109],[-77.420189,37.50113],[-77.420182,37.501137],[-77.420159,37.501158],[-77.420157,37.501161],[-77.420096,37.501228],[-77.420075,37.501252],[-77.420057,37.501273],[-77.42004,37.501293],[-77.419999,37.501332],[-77.41998,37.501352],[-77.419964,37.501367],[-77.419919,37.501413],[-77.419904,37.501429],[-77.41982,37.501512],[-77.419585,37.501749],[-77.419576,37.501769],[-77.419557,37.50182],[-77.419575,37.501882],[-77.419594,37.501947],[-77.419612,37.502007],[-77.419557,37.502012],[-77.419471,37.501987],[-77.419461,37.501985],[-77.419404,37.501993],[-77.419385,37.501996],[-77.419378,37.502],[-77.419315,37.502051],[-77.419302,37.502062],[-77.419296,37.50207],[-77.419215,37.5022],[-77.41904,37.502484],[-77.418954,37.502574],[-77.418895,37.502638],[-77.418845,37.502681],[-77.418699,37.50272],[-77.418643,37.502773],[-77.41859,37.502834],[-77.41855,37.502908],[-77.418531,37.503011],[-77.418541,37.503035],[-77.418606,37.503002],[-77.41864,37.503001],[-77.41866,37.503031],[-77.418648,37.503087],[-77.4186915,37.503085],[-77.418714,37.503085],[-77.418793,37.503117],[-77.418766,37.503142],[-77.418651,37.503128],[-77.418563,37.503125],[-77.418479,37.50313],[-77.418438,37.50314],[-77.418374,37.503164],[-77.418306,37.503215],[-77.418188,37.503286],[-77.41813,37.503306],[-77.41808,37.503366],[-77.418323,37.503212],[-77.418314,37.50322],[-77.418309,37.503226],[-77.418282,37.50324],[-77.418272,37.503247],[-77.418255,37.503331],[-77.418224,37.50341],[-77.418209,37.503471],[-77.418197,37.503652],[-77.418178,37.503742],[-77.418145,37.503855],[-77.418077,37.504021],[-77.418005,37.504293],[-77.417904,37.504451],[-77.417855,37.50449],[-77.417641,37.504891],[-77.417568,37.505077],[-77.417555,37.505138],[-77.417551,37.505191],[-77.417527,37.505262],[-77.417518,37.505331],[-77.417435,37.50545],[-77.417421,37.505624],[-77.417404,37.505721],[-77.417342,37.505854],[-77.417337,37.505869],[-77.417336,37.505874],[-77.417334,37.505878],[-77.417332,37.505891],[-77.41733,37.505901],[-77.41733,37.505908],[-77.41732,37.505951],[-77.417311,37.505988],[-77.417299,37.506009],[-77.417276,37.506027],[-77.417258,37.506049],[-77.417246,37.506064],[-77.417237,37.506103],[-77.417259,37.506132],[-77.417256,37.506135],[-77.417232,37.506179],[-77.417222,37.506247],[-77.417186,37.50629],[-77.417118,37.506441],[-77.417116,37.506478],[-77.417076,37.506574],[-77.417053,37.506629],[-77.417052,37.506691],[-77.4170675,37.5067315],[-77.417066,37.506736],[-77.417047,37.506793],[-77.417025,37.506832],[-77.417004,37.506948],[-77.416994,37.507002],[-77.416998,37.507067],[-77.416998,37.50707],[-77.417,37.50711],[-77.416995,37.507157],[-77.416977,37.507192],[-77.416974,37.507194],[-77.416951,37.507225],[-77.416916,37.507296],[-77.416902,37.507341],[-77.416901,37.507388],[-77.416874,37.507514],[-77.416874,37.50757],[-77.416867,37.507607],[-77.416853,37.507689],[-77.416832,37.507797],[-77.41683,37.507848],[-77.416809,37.507898],[-77.416806,37.507998],[-77.416787,37.508043],[-77.416758,37.508077],[-77.416723,37.508177],[-77.4167158,37.5082175],[-77.416715,37.508232],[-77.41669,37.508276],[-77.416677,37.508476],[-77.416665,37.508555],[-77.416667,37.508606],[-77.416645,37.508679],[-77.416622,37.508725],[-77.416595,37.508767],[-77.416593,37.50885],[-77.416588,37.508919],[-77.416604,37.508969],[-77.416646,37.509017],[-77.41666,37.509033],[-77.416663,37.509071],[-77.416658,37.509099],[-77.416639,37.509136],[-77.4166207,37.5091455],[-77.416605,37.509156],[-77.416582,37.509187],[-77.41659,37.50924],[-77.416583,37.509339],[-77.416577,37.509354],[-77.4165765,37.5093575],[-77.416569,37.509388],[-77.416557,37.509399],[-77.416537,37.509416],[-77.416536,37.509449],[-77.416545,37.509468],[-77.416558,37.509494],[-77.416567,37.5095505],[-77.416584,37.509643],[-77.416586,37.509679],[-77.416569,37.509713],[-77.416562,37.509821],[-77.416537,37.509857],[-77.416525,37.509885],[-77.4165425,37.5099315],[-77.416539,37.509976],[-77.416534,37.509992],[-77.4165328,37.5099968],[-77.416532,37.510003],[-77.41648,37.510097],[-77.416482,37.510126],[-77.416476,37.510181],[-77.416465,37.510224],[-77.416462,37.510322],[-77.41646,37.510366],[-77.416452,37.510392],[-77.416454,37.510401],[-77.416459,37.510423],[-77.416476,37.51044],[-77.416491,37.510454],[-77.4164985,37.5104685],[-77.4165,37.510471],[-77.416509,37.510486],[-77.416508,37.510506],[-77.416495,37.510528],[-77.416462,37.510546],[-77.416463,37.510586],[-77.416429,37.5106625],[-77.416427,37.510666],[-77.416417,37.510693],[-77.416402,37.510747],[-77.4164,37.51078],[-77.416415,37.510833],[-77.416418,37.510864],[-77.416422,37.510901],[-77.41642,37.51096],[-77.41642,37.510979],[-77.416419,37.510981],[-77.416417,37.51099],[-77.416414,37.511013],[-77.416407,37.511074],[-77.416411,37.511135],[-77.41642,37.5113],[-77.416405,37.511476],[-77.416406,37.511533],[-77.416406,37.511557],[-77.416421,37.511704],[-77.416421,37.511708],[-77.416428,37.511779],[-77.416428,37.511839],[-77.416428,37.511846],[-77.416417,37.511977],[-77.416416,37.512036],[-77.416415,37.512104],[-77.416425,37.512151],[-77.416442,37.512184],[-77.416457,37.512214],[-77.41647,37.512265],[-77.416474,37.512283],[-77.416469,37.512302],[-77.416444,37.512338],[-77.416417,37.512447],[-77.416416,37.512476],[-77.41642,37.512508],[-77.41643,37.512593],[-77.416432,37.512609],[-77.416433,37.512613],[-77.416433,37.512616],[-77.416442,37.512657],[-77.416449,37.512767],[-77.41645,37.512786],[-77.416441,37.512919],[-77.416441,37.512997],[-77.416431,37.513076],[-77.416437,37.513158],[-77.41643,37.513189],[-77.416428,37.513346],[-77.416428,37.513348],[-77.416428,37.513351],[-77.416417,37.513424],[-77.416422,37.513471],[-77.416429,37.513539],[-77.416428,37.513575],[-77.416416,37.513632],[-77.416411,37.513698],[-77.416419,37.513792],[-77.416432,37.513852],[-77.416432,37.513857],[-77.416441,37.513968],[-77.416437,37.513978],[-77.4164365,37.5139825],[-77.41643,37.514012],[-77.41641,37.51408],[-77.416407,37.51411],[-77.416413,37.514129],[-77.416443,37.514181],[-77.416459,37.514232],[-77.416456,37.514278],[-77.416423,37.514337],[-77.416424,37.514379],[-77.416434,37.514398],[-77.416455,37.514493],[-77.416456,37.514525],[-77.416443,37.514583],[-77.416472,37.51461],[-77.416481,37.514627],[-77.416465,37.51464],[-77.416438,37.514652],[-77.416425,37.514683],[-77.41642,37.514722],[-77.416422,37.514772],[-77.41644,37.514827],[-77.41645,37.514857],[-77.416444,37.51489],[-77.416447,37.514913],[-77.416471,37.514963],[-77.416477,37.514977],[-77.4164745,37.5150135],[-77.416473,37.515017],[-77.416472,37.515019],[-77.416471,37.515022],[-77.416469,37.515025],[-77.416466,37.51504],[-77.416437,37.515179],[-77.416446,37.515228],[-77.416453,37.515247],[-77.416431,37.515279],[-77.416423,37.515312],[-77.416437,37.515342],[-77.416443,37.515506],[-77.416437,37.515538],[-77.416443,37.51556],[-77.416446,37.515607],[-77.416428,37.515649],[-77.416445,37.515672],[-77.416451,37.515709],[-77.416447,37.5157905],[-77.4164368,37.5158177],[-77.416431,37.515836],[-77.416435,37.515853],[-77.416436,37.515855],[-77.416454,37.515911],[-77.416425,37.515955],[-77.416407,37.516023],[-77.416384,37.516109],[-77.416353,37.516142],[-77.416362,37.516227],[-77.416361,37.516263],[-77.41636,37.516304],[-77.416331,37.516338],[-77.416329,37.516356],[-77.41635,37.516375],[-77.416347,37.516397],[-77.416356,37.516428],[-77.416385,37.516494],[-77.416456,37.516512],[-77.41644,37.516532],[-77.416429,37.5165445],[-77.416427,37.516546],[-77.416426,37.516549],[-77.416383,37.516567],[-77.416363,37.516583],[-77.416361,37.516602],[-77.41636,37.51662],[-77.416397,37.51663],[-77.416366,37.516656],[-77.416379,37.516671],[-77.416395,37.516663],[-77.416414,37.516658],[-77.41645,37.516664],[-77.4164627,37.5166658],[-77.416494,37.516665],[-77.416498,37.516688],[-77.416495,37.516707],[-77.416474,37.5167145],[-77.416471,37.516715],[-77.416407,37.516716],[-77.416374,37.516724],[-77.416373,37.516749],[-77.416379,37.51678],[-77.416414,37.516779],[-77.416452,37.516777],[-77.416463,37.516784],[-77.416473,37.516791],[-77.416491,37.516803],[-77.416485,37.516814],[-77.416485,37.516817],[-77.416484,37.516819],[-77.416478,37.516838],[-77.41647,37.516863],[-77.4164808,37.5168893],[-77.416506,37.516943],[-77.416503,37.516972],[-77.4165025,37.516976],[-77.416495,37.516983],[-77.416493,37.516986],[-77.416491,37.516987],[-77.416478,37.517006],[-77.416431,37.516997],[-77.416407,37.517008],[-77.416403,37.517021],[-77.416418,37.517035],[-77.416441,37.517038],[-77.416537,37.517155],[-77.416534,37.517191],[-77.416509,37.517208],[-77.416469,37.517217],[-77.416425,37.517237],[-77.416416,37.517287],[-77.416381,37.517353],[-77.4164457,37.5188406],[-77.4166173,37.5199979],[-77.4172611,37.5212232],[-77.4175946,37.5217844],[-77.417584,37.5218837],[-77.4176831,37.5220285],[-77.4176639,37.5220896],[-77.4174551,37.5222032],[-77.4173432,37.5223329],[-77.4172237,37.5224159],[-77.4173257,37.5225615],[-77.417525,37.5224338],[-77.4178464,37.5222942],[-77.4179004,37.5223074],[-77.4179906,37.5225167],[-77.4187895,37.5232442],[-77.4189034,37.5233479],[-77.4191493,37.5235718],[-77.4195752,37.5238908],[-77.4198896,37.5242525],[-77.420351,37.5223465]]]}},{"type":"Feature","id":"relation/1236828","bbox":[-77.7456852,37.555443,-77.5756526,37.5996192],"properties":{"@id":1236828,"@type":"relation","name":"James River","natural":"water","note":"west of Bosher dam","type":"multipolygon","water":"river"},"geometry":{"type":"Polygon","coordinates":[[[-77.5954621,37.5557828],[-77.5953588,37.5557888],[-77.595218,37.555814],[-77.595152,37.555827],[-77.595024,37.555831],[-77.594897,37.555848],[-77.594838,37.55586],[-77.594563,37.555878],[-77.594517,37.555888],[-77.594438,37.555887],[-77.594347,37.555903],[-77.594206,37.555914],[-77.594007,37.555947],[-77.593981,37.555937],[-77.593972,37.555918],[-77.593971,37.555894],[-77.593954,37.555883],[-77.593929,37.555884],[-77.593916,37.555922],[-77.593899,37.555936],[-77.593865,37.555943],[-77.593753,37.555952],[-77.593577,37.555989],[-77.593488,37.555983],[-77.593437,37.556005],[-77.593155,37.555995],[-77.59309,37.556009],[-77.59302,37.556009],[-77.59291,37.555954],[-77.592786,37.555921],[-77.592714,37.555932],[-77.592666,37.555999],[-77.592545,37.55602],[-77.59259,37.555958],[-77.592569,37.55595],[-77.592508,37.556014],[-77.592518,37.555977],[-77.592514,37.555959],[-77.592491,37.555961],[-77.592457,37.556004],[-77.592391,37.555985],[-77.592295,37.555988],[-77.592177,37.556013],[-77.592034,37.556057],[-77.591989,37.556062],[-77.591944,37.556057],[-77.59192,37.556047],[-77.591867,37.555968],[-77.591844,37.555957],[-77.591808,37.555986],[-77.591778,37.556063],[-77.591736,37.556087],[-77.591668,37.556109],[-77.591543,37.556133],[-77.59131,37.556186],[-77.591216,37.556217],[-77.591057,37.55626],[-77.590928,37.556311],[-77.590849,37.556322],[-77.59075,37.556348],[-77.590725,37.556358],[-77.590692,37.556385],[-77.590657,37.556395],[-77.590588,37.556401],[-77.590566,37.55643],[-77.59054,37.556453],[-77.590514,37.556467],[-77.590381,37.556505],[-77.590392,37.556521],[-77.590323,37.556548],[-77.590314,37.556531],[-77.590235,37.556564],[-77.590043,37.556655],[-77.589862,37.556747],[-77.589632,37.556849],[-77.589567,37.556867],[-77.589505,37.556872],[-77.589431,37.556897],[-77.589392,37.556901],[-77.589011,37.557057],[-77.588664,37.557217],[-77.588634,37.557244],[-77.588296,37.55738],[-77.58822,37.557415],[-77.587943,37.557592],[-77.58771,37.557693],[-77.587597,37.557721],[-77.587436,37.557757],[-77.587266,37.557802],[-77.587069,37.55784],[-77.586965,37.557869],[-77.586812,37.557927],[-77.586747,37.557974],[-77.586372,37.558074],[-77.586331,37.55806],[-77.586297,37.558105],[-77.585827,37.558227],[-77.585612,37.558293],[-77.585163,37.558399],[-77.585146,37.558391],[-77.585135,37.558377],[-77.585002,37.558455],[-77.58497,37.558459],[-77.58491,37.558451],[-77.5847459,37.5584671],[-77.584617,37.55849],[-77.584447,37.558511],[-77.584316,37.558537],[-77.584237,37.558566],[-77.584179,37.558566],[-77.583975,37.558609],[-77.583701,37.558657],[-77.583336,37.558703],[-77.583271,37.558716],[-77.583113,37.558731],[-77.582957,37.558755],[-77.582875,37.558774],[-77.582817,37.55878],[-77.58274,37.558777],[-77.582599,37.558797],[-77.582521,37.558799],[-77.582375,37.558828],[-77.582191,37.558834],[-77.582113,37.55885],[-77.581984,37.558856],[-77.581898,37.558875],[-77.581451,37.558915],[-77.581414,37.558909],[-77.581412,37.558848],[-77.581358,37.558854],[-77.581362,37.558909],[-77.581331,37.558925],[-77.580759,37.558959],[-77.580355,37.558974],[-77.579947,37.558982],[-77.579864,37.558972],[-77.579722,37.558968],[-77.579409,37.55899],[-77.579198,37.559018],[-77.579078,37.559023],[-77.578883,37.559015],[-77.578809,37.559019],[-77.578747,37.559035],[-77.578406,37.559052],[-77.578205,37.559035],[-77.578054,37.55904],[-77.578024,37.559037],[-77.577819,37.558996],[-77.57765,37.558953],[-77.577451,37.558923],[-77.577471,37.558903],[-77.577516,37.558878],[-77.577366,37.558875],[-77.577343,37.558915],[-77.577308,37.558934],[-77.577256,37.558928],[-77.577032,37.558921],[-77.576888,37.558908],[-77.576724,37.55887],[-77.576536,37.558814],[-77.576508,37.558813],[-77.576484,37.55882],[-77.576455,37.558818],[-77.576364,37.558787],[-77.576249,37.558779],[-77.576127,37.558761],[-77.576115,37.558738],[-77.575953,37.558657],[-77.575875,37.558628],[-77.575777,37.558615],[-77.575736,37.558656],[-77.5756526,37.5587213],[-77.5756879,37.559911],[-77.5757281,37.561261],[-77.5774497,37.5612991],[-77.5778834,37.5613057],[-77.5783199,37.5612778],[-77.5803819,37.561146],[-77.5805442,37.5611356],[-77.5828187,37.5608975],[-77.5857389,37.5601493],[-77.5859642,37.5600876],[-77.5865094,37.5598769],[-77.5892989,37.5586181],[-77.5922976,37.5578867],[-77.5935119,37.5577615],[-77.5946921,37.5576807],[-77.5961224,37.5576996],[-77.5983648,37.5576571],[-77.6020762,37.5574085],[-77.6022929,37.5573946],[-77.6029706,37.557351],[-77.6070658,37.5572999],[-77.6078705,37.5573168],[-77.6119495,37.5580592],[-77.6160673,37.5586267],[-77.6176338,37.5588053],[-77.6195347,37.5588161],[-77.6198216,37.558792],[-77.6204334,37.5587405],[-77.6206885,37.558719],[-77.6210777,37.5586862],[-77.622687,37.5584906],[-77.6239952,37.5584926],[-77.6241911,37.5584929],[-77.626131,37.5587287],[-77.6286201,37.5592816],[-77.6294581,37.5594756],[-77.6323483,37.5601448],[-77.6346138,37.5605299],[-77.6360766,37.5606934],[-77.6366741,37.5607595],[-77.6382653,37.5608294],[-77.6402214,37.5607851],[-77.6412694,37.5607614],[-77.6447884,37.5604892],[-77.6455258,37.5605038],[-77.6465051,37.5605233],[-77.6477067,37.5606934],[-77.6486079,37.5608975],[-77.6495091,37.5612036],[-77.6504533,37.56185],[-77.6516978,37.5627345],[-77.653114,37.5639251],[-77.6530711,37.5641632],[-77.6532518,37.5643882],[-77.6534923,37.5646878],[-77.653535,37.564741],[-77.6538354,37.5649966],[-77.6545097,37.5658117],[-77.654617,37.5658261],[-77.6548035,37.5659917],[-77.6550522,37.5661471],[-77.655645,37.5665176],[-77.6588218,37.5681772],[-77.6627271,37.5700141],[-77.666804,37.5718849],[-77.6728122,37.574708],[-77.6809661,37.5781092],[-77.6833264,37.5794016],[-77.6858155,37.5812382],[-77.6874892,37.5827006],[-77.6904074,37.584197],[-77.6989476,37.5876658],[-77.7024237,37.5890601],[-77.7036683,37.5898082],[-77.7046124,37.5902843],[-77.7055995,37.5905563],[-77.7067582,37.5906924],[-77.7081744,37.5905903],[-77.7090831,37.590423],[-77.7166716,37.5890261],[-77.7189462,37.588788],[-77.720756,37.5888009],[-77.7237098,37.588822],[-77.7262847,37.5891961],[-77.7292029,37.5899442],[-77.731177,37.5905563],[-77.7333657,37.5917125],[-77.735254,37.5929367],[-77.737786,37.5947049],[-77.7391234,37.595793],[-77.7398272,37.5962988],[-77.7407091,37.5968667],[-77.7435796,37.5987853],[-77.7448075,37.5996192],[-77.7456852,37.5989646],[-77.7453812,37.5988062],[-77.7435796,37.5978672],[-77.7429967,37.5972706],[-77.7429193,37.5969942],[-77.7443091,37.5977992],[-77.744711,37.5975204],[-77.7439658,37.5969491],[-77.7408759,37.595045],[-77.7382151,37.5935148],[-77.7355973,37.5914405],[-77.7324645,37.5898082],[-77.73215,37.5896949],[-77.7296321,37.588788],[-77.7263276,37.5880399],[-77.7228085,37.5875638],[-77.7206953,37.5874877],[-77.7199761,37.5874618],[-77.7169053,37.5877585],[-77.7164571,37.5878018],[-77.7163773,37.5878146],[-77.713731,37.588239],[-77.7128522,37.5883799],[-77.7122389,37.588517],[-77.7095048,37.5891281],[-77.7060771,37.589335],[-77.7036254,37.588584],[-77.7000634,37.5866456],[-77.6916949,37.5830747],[-77.6889483,37.5816463],[-77.6868955,37.5802948],[-77.6834847,37.5780492],[-77.6833693,37.5779732],[-77.679855,37.5764107],[-77.6780907,37.5756263],[-77.6710526,37.572259],[-77.6670428,37.5699416],[-77.6669328,37.569878],[-77.6643599,37.5687942],[-77.6607959,37.5672928],[-77.6574485,37.5655239],[-77.6555469,37.5642091],[-77.6554314,37.5641292],[-77.6542512,37.562905],[-77.653987,37.562631],[-77.652825,37.561596],[-77.6508395,37.5602681],[-77.649853,37.559845],[-77.6481144,37.5592815],[-77.6473483,37.5591832],[-77.6463319,37.5591142],[-77.6462905,37.5591114],[-77.6446494,37.559065],[-77.6438872,37.5590434],[-77.6412908,37.5592985],[-77.638605,37.559208],[-77.638546,37.559207],[-77.638279,37.559204],[-77.637807,37.559169],[-77.637418,37.559168],[-77.637283,37.559158],[-77.637044,37.559105],[-77.636455,37.559072],[-77.636254,37.559052],[-77.635705,37.558964],[-77.63558,37.558956],[-77.635432,37.558913],[-77.635355,37.558902],[-77.63519,37.558904],[-77.63511,37.558885],[-77.635062,37.558855],[-77.63499,37.558856],[-77.634815,37.558815],[-77.634635,37.55881],[-77.634177,37.558715],[-77.633374,37.558535],[-77.633361,37.558559],[-77.633256,37.558519],[-77.633245,37.558469],[-77.633202,37.558457],[-77.633065,37.558454],[-77.632999,37.558443],[-77.632538,37.558339],[-77.632262,37.558262],[-77.632139,37.558197],[-77.632068,37.558192],[-77.632004,37.558173],[-77.631707,37.558122],[-77.631645,37.558103],[-77.631628,37.55809],[-77.631624,37.558072],[-77.631646,37.55802],[-77.631616,37.558012],[-77.631538,37.558055],[-77.631487,37.558048],[-77.631411,37.558053],[-77.631277,37.558034],[-77.630783,37.557933],[-77.630563,37.557877],[-77.630417,37.557865],[-77.630344,37.557851],[-77.629986,37.55775],[-77.629946,37.557756],[-77.629925,37.557772],[-77.62989,37.557826],[-77.629853,37.557837],[-77.629781,37.557845],[-77.629756,37.557841],[-77.629739,37.557823],[-77.629707,37.557729],[-77.629662,37.557682],[-77.629582,37.557653],[-77.628756,37.557456],[-77.628459,37.557376],[-77.627537,37.557213],[-77.627275,37.557146],[-77.626809,37.557052],[-77.626616,37.556987],[-77.626436,37.556946],[-77.626188,37.556923],[-77.625889,37.556856],[-77.62575,37.556853],[-77.62563,37.556814],[-77.625518,37.556812],[-77.625194,37.556765],[-77.624985,37.556747],[-77.624616,37.55669],[-77.624304,37.556678],[-77.623166,37.556682],[-77.623029,37.556691],[-77.623015,37.556726],[-77.622956,37.556734],[-77.622886,37.556715],[-77.622849,37.556693],[-77.622785,37.556722],[-77.62272,37.55673],[-77.622591,37.556726],[-77.622539,37.556752],[-77.622493,37.556753],[-77.622425,37.556777],[-77.62235,37.556786],[-77.622315,37.556823],[-77.622246,37.556841],[-77.622203,37.556884],[-77.622162,37.556883],[-77.6221517,37.556863],[-77.6221341,37.5568496],[-77.6221091,37.5568545],[-77.6220738,37.5568607],[-77.6220386,37.5568651],[-77.6219819,37.5568764],[-77.6219021,37.5568949],[-77.621834,37.556906],[-77.621785,37.556928],[-77.621732,37.556941],[-77.621429,37.55699],[-77.620904,37.557036],[-77.620814,37.557032],[-77.620549,37.557056],[-77.620365,37.557046],[-77.620262,37.557049],[-77.620173,37.557071],[-77.620141,37.557067],[-77.620104,37.557046],[-77.619989,37.557044],[-77.619916,37.55706],[-77.619808,37.557053],[-77.619426,37.557075],[-77.619377,37.557061],[-77.619328,37.557082],[-77.619305,37.557104],[-77.61928,37.55711],[-77.619253,37.557091],[-77.619242,37.557067],[-77.619205,37.557065],[-77.619128,37.557092],[-77.619086,37.557059],[-77.619046,37.557055],[-77.618804,37.557049],[-77.618705,37.557056],[-77.61861,37.557034],[-77.618475,37.557033],[-77.618423,37.557014],[-77.618375,37.557016],[-77.618304,37.557036],[-77.618267,37.557033],[-77.618238,37.557016],[-77.617478,37.556965],[-77.617337,37.556947],[-77.617122,37.556902],[-77.617046,37.556912],[-77.616869,37.556865],[-77.616801,37.556863],[-77.61671,37.556841],[-77.616611,37.556836],[-77.616362,37.556799],[-77.6163,37.556806],[-77.616209,37.556782],[-77.615916,37.556731],[-77.615793,37.556727],[-77.615744,37.556701],[-77.615675,37.556685],[-77.615221,37.556632],[-77.615141,37.556609],[-77.615132,37.556592],[-77.615134,37.556563],[-77.615111,37.55655],[-77.614807,37.556511],[-77.614737,37.556492],[-77.614666,37.556511],[-77.614634,37.55651],[-77.614598,37.5565],[-77.614528,37.556442],[-77.614488,37.55643],[-77.614399,37.55642],[-77.614287,37.55643],[-77.614147,37.556339],[-77.614091,37.556329],[-77.614006,37.556332],[-77.613827,37.556362],[-77.613832,37.556323],[-77.613875,37.55627],[-77.614,37.556236],[-77.614128,37.556252],[-77.614176,37.55625],[-77.614226,37.556216],[-77.614313,37.556207],[-77.614365,37.55619],[-77.614496,37.556091],[-77.614494,37.556064],[-77.614463,37.556026],[-77.614465,37.556058],[-77.614478,37.556083],[-77.614465,37.556098],[-77.614441,37.556108],[-77.614404,37.556109],[-77.614257,37.55617],[-77.614209,37.556173],[-77.614082,37.556135],[-77.614034,37.556128],[-77.613979,37.556174],[-77.613931,37.556197],[-77.613835,37.556212],[-77.613691,37.556286],[-77.613655,37.556246],[-77.613632,37.556234],[-77.613571,37.556228],[-77.613389,37.556245],[-77.613355,37.55621],[-77.613329,37.556205],[-77.61328,37.556212],[-77.613253,37.556204],[-77.61323,37.556174],[-77.613181,37.55618],[-77.613134,37.556176],[-77.613116,37.556158],[-77.613112,37.556138],[-77.612926,37.5561],[-77.612839,37.556096],[-77.612791,37.55608],[-77.612752,37.556075],[-77.61272,37.556082],[-77.612583,37.556061],[-77.612563,37.556022],[-77.612541,37.556016],[-77.612519,37.556025],[-77.612504,37.556042],[-77.612474,37.556041],[-77.61239,37.556019],[-77.612241,37.556019],[-77.612208,37.556011],[-77.612186,37.556014],[-77.612169,37.55603],[-77.612142,37.556032],[-77.612103,37.556019],[-77.612071,37.555996],[-77.612056,37.555972],[-77.612032,37.555959],[-77.612,37.555956],[-77.61193,37.555979],[-77.611917,37.555999],[-77.611855,37.556007],[-77.611593,37.555938],[-77.61157,37.555936],[-77.61152,37.555955],[-77.611469,37.55594],[-77.611452,37.555963],[-77.611411,37.555962],[-77.611308,37.555912],[-77.611253,37.555905],[-77.611199,37.555911],[-77.611032,37.555886],[-77.610986,37.555896],[-77.610919,37.555879],[-77.610894,37.555856],[-77.610831,37.555846],[-77.61075,37.55584],[-77.610677,37.55585],[-77.61064,37.555829],[-77.610562,37.555826],[-77.610466,37.555811],[-77.610428,37.555816],[-77.61037,37.555812],[-77.610346,37.555818],[-77.610322,37.555796],[-77.610256,37.55579],[-77.610195,37.555772],[-77.610097,37.555764],[-77.61001,37.555771],[-77.60992,37.555746],[-77.609905,37.555784],[-77.609872,37.555799],[-77.609822,37.555812],[-77.609722,37.555815],[-77.609703,37.555827],[-77.609655,37.555822],[-77.60969,37.555781],[-77.609766,37.555764],[-77.609768,37.555739],[-77.60973,37.55573],[-77.609704,37.555712],[-77.609678,37.555715],[-77.609655,37.555727],[-77.609627,37.555725],[-77.609596,37.555707],[-77.60942,37.55569],[-77.609292,37.555665],[-77.609174,37.555652],[-77.609072,37.555646],[-77.608988,37.555655],[-77.608967,37.555646],[-77.608945,37.555623],[-77.608905,37.555617],[-77.60873,37.555626],[-77.608576,37.555619],[-77.608531,37.555598],[-77.60845,37.55558],[-77.608317,37.555577],[-77.60816,37.555551],[-77.608104,37.555571],[-77.608067,37.555574],[-77.607972,37.555539],[-77.607902,37.555553],[-77.607854,37.555553],[-77.607739,37.555521],[-77.607511,37.555536],[-77.607365,37.555528],[-77.607238,37.555513],[-77.60698,37.555499],[-77.606944,37.555489],[-77.606723,37.555482],[-77.606631,37.555468],[-77.60657,37.555473],[-77.60645,37.555443],[-77.606381,37.555454],[-77.606342,37.555474],[-77.606282,37.555487],[-77.606184,37.555493],[-77.605953,37.555464],[-77.605647,37.55548],[-77.605468,37.555505],[-77.605399,37.555541],[-77.60533,37.555554],[-77.605175,37.555559],[-77.604491,37.555607],[-77.604127,37.555621],[-77.60383,37.555594],[-77.603615,37.555637],[-77.603217,37.555659],[-77.603187,37.55569],[-77.603132,37.555694],[-77.603147,37.555662],[-77.603021,37.555665],[-77.602947,37.555678],[-77.602935,37.555695],[-77.602907,37.555681],[-77.602867,37.55568],[-77.602754,37.555691],[-77.602635,37.555688],[-77.602551,37.555694],[-77.602429,37.555684],[-77.602351,37.555695],[-77.602123,37.55575],[-77.602119,37.555715],[-77.602084,37.555699],[-77.601991,37.555686],[-77.601847,37.555691],[-77.601649,37.555733],[-77.601274,37.555734],[-77.601079,37.555751],[-77.601011,37.555747],[-77.600966,37.555736],[-77.600928,37.555686],[-77.600889,37.555693],[-77.600848,37.555727],[-77.600815,37.555738],[-77.600761,37.555742],[-77.600689,37.555732],[-77.600495,37.555742],[-77.600441,37.555779],[-77.600399,37.555793],[-77.600362,37.555796],[-77.600342,37.555783],[-77.600346,37.555744],[-77.600328,37.555728],[-77.600234,37.555723],[-77.600165,37.555734],[-77.600088,37.555729],[-77.599999,37.555691],[-77.599958,37.555712],[-77.599919,37.555715],[-77.599332,37.55569],[-77.599203,37.555698],[-77.598349,37.555672],[-77.59815,37.55567],[-77.598027,37.555678],[-77.597935,37.555668],[-77.597874,37.555689],[-77.597756,37.55569],[-77.597738,37.555707],[-77.597585,37.555688],[-77.597355,37.555691],[-77.59717,37.555676],[-77.597145,37.555701],[-77.596989,37.555704],[-77.596909,37.555696],[-77.596844,37.555706],[-77.596716,37.55571],[-77.596689,37.555678],[-77.596645,37.555676],[-77.5966238,37.5556941],[-77.5954621,37.5557828]],[[-77.7425631,37.5974872],[-77.742091,37.5971812],[-77.7416404,37.5968582],[-77.7415116,37.5967052],[-77.7416747,37.5966321],[-77.7419408,37.5968072],[-77.7425631,37.5974872]],[[-77.7414258,37.5970962],[-77.7406104,37.5967052],[-77.7396234,37.5961101],[-77.739323,37.5957191],[-77.7403658,37.596037],[-77.7409237,37.59636],[-77.7414258,37.5970962]]]}},{"type":"Feature","id":"relation/1236830","bbox":[-77.5757281,37.5241114,-77.4442998,37.5631919],"properties":{"@id":1236830,"@type":"relation","natural":"water","note":"east of Bosher dam","type":"multipolygon","water":"river"},"geometry":{"type":"Polygon","coordinates":[[[-77.5459939,37.5628921],[-77.5465981,37.5628706],[-77.5467621,37.5628348],[-77.5483147,37.5624964],[-77.5493393,37.5623476],[-77.5501621,37.5621033],[-77.5506181,37.5617418],[-77.5508683,37.561395],[-77.5565545,37.5585841],[-77.557799,37.5579037],[-77.5591294,37.5574614],[-77.5607173,37.5575295],[-77.562863,37.5577676],[-77.5666396,37.5586522],[-77.5712315,37.5603872],[-77.5730381,37.5608497],[-77.5739667,37.5610874],[-77.5753514,37.5614418],[-77.5757281,37.561261],[-77.5756879,37.559911],[-77.5756526,37.5587213],[-77.575641,37.558677],[-77.575606,37.558657],[-77.57558,37.558624],[-77.575564,37.558588],[-77.575571,37.558453],[-77.575551,37.558422],[-77.575518,37.558387],[-77.575415,37.558356],[-77.575226,37.55834],[-77.575068,37.558385],[-77.575038,37.558407],[-77.575004,37.558443],[-77.574959,37.558476],[-77.574892,37.558504],[-77.574787,37.558522],[-77.57469,37.558527],[-77.574426,37.558539],[-77.574392,37.558525],[-77.574322,37.558527],[-77.574294,37.558563],[-77.574135,37.558548],[-77.574103,37.558557],[-77.574023,37.558544],[-77.573882,37.55851],[-77.573837,37.558494],[-77.57374,37.558498],[-77.573711,37.558511],[-77.573609,37.558497],[-77.573519,37.558475],[-77.57349,37.558456],[-77.57347,37.558437],[-77.573444,37.558398],[-77.573429,37.558383],[-77.57334,37.558335],[-77.573286,37.558325],[-77.573175,37.55832],[-77.573084,37.558307],[-77.573037,37.558305],[-77.573015,37.55831],[-77.572897,37.558304],[-77.57285,37.558308],[-77.572778,37.558299],[-77.572615,37.558256],[-77.572536,37.558246],[-77.572482,37.558247],[-77.572394,37.558248],[-77.57232,37.558256],[-77.572237,37.55826],[-77.57215,37.558215],[-77.572098,37.558205],[-77.572008,37.558197],[-77.571949,37.558199],[-77.571534,37.558157],[-77.571146,37.55806],[-77.571,37.558034],[-77.570972,37.558034],[-77.570928,37.558041],[-77.570888,37.558039],[-77.570641,37.557957],[-77.57046,37.557903],[-77.5703622,37.5578821],[-77.5699369,37.5577827],[-77.569417,37.557666],[-77.569245,37.557617],[-77.5686704,37.5574678],[-77.5679231,37.5572738],[-77.567658,37.557205],[-77.567299,37.557073],[-77.5669087,37.5569624],[-77.566699,37.556903],[-77.566574,37.556884],[-77.566044,37.556804],[-77.565608,37.556706],[-77.565603,37.556705],[-77.565586,37.5567015],[-77.5655413,37.5566922],[-77.565285,37.556639],[-77.56514,37.556596],[-77.565025,37.556553],[-77.564299,37.556288],[-77.563312,37.555968],[-77.563216,37.555937],[-77.563016,37.555876],[-77.562733,37.555802],[-77.562347,37.555701],[-77.562271,37.555685],[-77.561471,37.555525],[-77.5612895,37.5555043],[-77.561181,37.555492],[-77.56086,37.555483],[-77.56076,37.555481],[-77.560519,37.555486],[-77.560385,37.555496],[-77.560346,37.555499],[-77.560312,37.555503],[-77.560229,37.555506],[-77.560191,37.555508],[-77.560064,37.555514],[-77.559836,37.555547],[-77.559629,37.555591],[-77.559613,37.555596],[-77.559264,37.555712],[-77.55905,37.55575],[-77.558574,37.55586],[-77.558188,37.555992],[-77.557951,37.556129],[-77.557519,37.556382],[-77.557449,37.55643],[-77.557401,37.556464],[-77.556801,37.556936],[-77.556774,37.556958],[-77.555815,37.557485],[-77.555199,37.55776],[-77.555077,37.557815],[-77.554565,37.557941],[-77.553835,37.558122],[-77.553768,37.558137],[-77.553608,37.558174],[-77.553483,37.558204],[-77.553318,37.558254],[-77.553129,37.558287],[-77.552968,37.558317],[-77.552773,37.558353],[-77.551786,37.558567],[-77.551579,37.558597],[-77.551159,37.55866],[-77.550862,37.55872],[-77.550669,37.55877],[-77.550414,37.558863],[-77.5502,37.558962],[-77.550096,37.559023],[-77.549961,37.559114],[-77.549669,37.559313],[-77.549434,37.559434],[-77.548958,37.559643],[-77.548551,37.559873],[-77.548323,37.559989],[-77.547985,37.560137],[-77.547699,37.560239],[-77.547647,37.560258],[-77.547206,37.560362],[-77.546916,37.560411],[-77.5463078,37.5604519],[-77.546219,37.560466],[-77.54593,37.560461],[-77.54586,37.560466],[-77.545143,37.560521],[-77.544792,37.560521],[-77.54453,37.560537],[-77.544357,37.560548],[-77.544099,37.560364],[-77.544059,37.560548],[-77.543985,37.560548],[-77.543977,37.560547],[-77.54395,37.560546],[-77.543653,37.560532],[-77.543363,37.560508],[-77.543026,37.560482],[-77.54295,37.560471],[-77.542874,37.560438],[-77.542777,37.560312],[-77.542681,37.560257],[-77.542612,37.560235],[-77.542543,37.560224],[-77.541691,37.560204],[-77.541336,37.560197],[-77.541129,37.560169],[-77.541107,37.560164],[-77.540829,37.560113],[-77.540439,37.560043],[-77.54008,37.559949],[-77.540006,37.559924],[-77.539739,37.559834],[-77.539673,37.559812],[-77.539532,37.559759],[-77.53917,37.559625],[-77.538922,37.559515],[-77.538784,37.559455],[-77.538735,37.559438],[-77.538719,37.559435],[-77.538694,37.559431],[-77.538621,37.559419],[-77.538597,37.559416],[-77.538522,37.559411],[-77.538384,37.55946],[-77.538239,37.559471],[-77.537963,37.559455],[-77.537632,37.559416],[-77.53753,37.5594],[-77.537066,37.559328],[-77.537052,37.559306],[-77.537208,37.559209],[-77.537204,37.559191],[-77.537149,37.559185],[-77.536376,37.559213],[-77.535824,37.559218],[-77.535197,37.559213],[-77.534664,37.559196],[-77.534452,37.55919],[-77.534114,37.559207],[-77.533859,37.559229],[-77.533587,37.559223],[-77.533293,37.559218],[-77.533031,37.559223],[-77.532941,37.559229],[-77.531679,37.559327],[-77.531265,37.559376],[-77.531011,37.559381],[-77.530996,37.559382],[-77.530706,37.55936],[-77.530513,37.559332],[-77.530371,37.559306],[-77.5296653,37.5591841],[-77.5290216,37.5589629],[-77.5284208,37.5586397],[-77.5277358,37.5582389],[-77.5275195,37.5581124],[-77.5269187,37.5576191],[-77.5264467,37.5568877],[-77.5259531,37.5560541],[-77.5255454,37.5552376],[-77.5247515,37.5545402],[-77.5242365,37.5537066],[-77.5232924,37.5530942],[-77.5212968,37.5520055],[-77.5205024,37.5517067],[-77.5202239,37.5515972],[-77.5191081,37.5513931],[-77.5181654,37.5512733],[-77.5169195,37.5509848],[-77.5154048,37.5504062],[-77.5132389,37.5496121],[-77.5106223,37.5484476],[-77.5099901,37.5479431],[-77.5095907,37.5477187],[-77.5092985,37.5474251],[-77.5082756,37.5467841],[-77.5063849,37.5453005],[-77.5058567,37.544816],[-77.5051769,37.5442824],[-77.50437,37.5437023],[-77.5037148,37.5432323],[-77.5030597,37.5426413],[-77.5028341,37.5422566],[-77.5025791,37.5418797],[-77.5021476,37.5412112],[-77.5017942,37.5408653],[-77.5013186,37.540438],[-77.5004847,37.539816],[-77.5002158,37.5396812],[-77.4994581,37.5392613],[-77.4989044,37.538793],[-77.4984126,37.5381864],[-77.4977457,37.5373638],[-77.4972252,37.5369025],[-77.4962866,37.5360706],[-77.4942505,37.533524],[-77.4915563,37.5310371],[-77.4912801,37.5307821],[-77.4907999,37.5305536],[-77.4902209,37.530487],[-77.4895708,37.5304851],[-77.4891435,37.5305972],[-77.4877694,37.5309758],[-77.4871176,37.5310396],[-77.4862861,37.5309907],[-77.4856629,37.5308948],[-77.4853444,37.5308417],[-77.4851782,37.530814],[-77.4845562,37.5305049],[-77.4839806,37.5301786],[-77.4834651,37.5299015],[-77.4830947,37.5297317],[-77.4828844,37.5294561],[-77.4821516,37.5286882],[-77.481726,37.5282806],[-77.4815278,37.5279981],[-77.4809108,37.5275752],[-77.480078,37.5270177],[-77.4789154,37.526445],[-77.4781483,37.5262876],[-77.477636,37.5261834],[-77.4770539,37.5261302],[-77.4761259,37.5260281],[-77.4752863,37.5259731],[-77.4750459,37.526015],[-77.4750143,37.5260506],[-77.4749134,37.5260525],[-77.4748113,37.5260385],[-77.4737575,37.525726],[-77.4730467,37.525375],[-77.4726095,37.5250921],[-77.4721535,37.5247305],[-77.4718265,37.5246473],[-77.4713972,37.5245411],[-77.4704,37.5242973],[-77.4700353,37.5243484],[-77.4697992,37.5243675],[-77.4695873,37.5244441],[-77.4694425,37.5244824],[-77.4695632,37.5242973],[-77.4694425,37.5243058],[-77.4693454,37.5243042],[-77.469177,37.5245079],[-77.4683126,37.524439],[-77.4675992,37.5244178],[-77.4666014,37.5244518],[-77.4656626,37.5244241],[-77.4649008,37.5244837],[-77.4644556,37.5245156],[-77.4637797,37.5244667],[-77.4632486,37.5243369],[-77.462452,37.5241667],[-77.4615722,37.5241114],[-77.460907,37.5241519],[-77.4605536,37.5242459],[-77.4605131,37.5242887],[-77.4603182,37.5245285],[-77.4594228,37.5247265],[-77.4594738,37.5247584],[-77.4594467,37.5248291],[-77.4593859,37.5249878],[-77.4593998,37.5252013],[-77.4590925,37.5253845],[-77.4589191,37.5257647],[-77.458298,37.5260948],[-77.4577623,37.5263795],[-77.457466,37.5265397],[-77.4572827,37.5266705],[-77.4573525,37.526958],[-77.4576797,37.5271129],[-77.4577065,37.527249],[-77.457669,37.5274175],[-77.4575563,37.5274703],[-77.4575002,37.5275629],[-77.4574346,37.5277023],[-77.457517,37.5277792],[-77.4574972,37.5278602],[-77.457404,37.5279235],[-77.4572868,37.5279451],[-77.457162,37.5282566],[-77.4569448,37.5284641],[-77.4564564,37.5288466],[-77.4558355,37.5291552],[-77.4559844,37.5291744],[-77.4561066,37.5291382],[-77.4561963,37.5290978],[-77.4562863,37.5291042],[-77.4563518,37.5291403],[-77.4563384,37.5291616],[-77.4562621,37.529219],[-77.4560663,37.5292212],[-77.4559951,37.5292446],[-77.4559978,37.5292978],[-77.4560434,37.5293403],[-77.4560166,37.5293658],[-77.4559442,37.5293658],[-77.4558759,37.5294169],[-77.4558276,37.5294658],[-77.455723,37.5295147],[-77.4556545,37.5295168],[-77.4555391,37.5295147],[-77.4554575,37.5295168],[-77.4553514,37.5294892],[-77.4552912,37.529536],[-77.4552682,37.5295785],[-77.4552322,37.5296211],[-77.4552226,37.5296742],[-77.4551931,37.5297274],[-77.4551824,37.5298083],[-77.4552214,37.5298763],[-77.4552107,37.5299295],[-77.4551678,37.5299593],[-77.4551261,37.5300231],[-77.4550563,37.5300125],[-77.454921,37.5300359],[-77.4548176,37.5300125],[-77.4547425,37.5300188],[-77.4546755,37.5300401],[-77.4546433,37.5300593],[-77.4545938,37.5300912],[-77.4544972,37.5301337],[-77.4544114,37.5301465],[-77.4543551,37.5301486],[-77.4543509,37.5300699],[-77.4543417,37.5300295],[-77.4543001,37.5299871],[-77.4542036,37.5300296],[-77.4540533,37.5301147],[-77.4536564,37.5302168],[-77.4532916,37.5303955],[-77.452841,37.5306167],[-77.4523797,37.5307528],[-77.4520685,37.5308549],[-77.4517467,37.5309825],[-77.4513926,37.5311102],[-77.4510493,37.5313059],[-77.4508347,37.531442],[-77.4505128,37.5315352],[-77.4502875,37.5315777],[-77.4497404,37.5316202],[-77.4495043,37.5316798],[-77.4494185,37.5315777],[-77.449279,37.5315181],[-77.4491288,37.5316032],[-77.4486031,37.5316628],[-77.4481203,37.5317053],[-77.4477877,37.5316458],[-77.4478092,37.5314505],[-77.4478843,37.5313739],[-77.4480774,37.5312548],[-77.4482812,37.5311272],[-77.4484207,37.530957],[-77.4485602,37.5307613],[-77.4486675,37.5305401],[-77.4488391,37.5302764],[-77.4490215,37.5298765],[-77.4492576,37.5294851],[-77.4493446,37.529266],[-77.4494817,37.5290821],[-77.4496331,37.5290171],[-77.4498754,37.5287622],[-77.4501204,37.5284884],[-77.4503766,37.5283844],[-77.4506684,37.5282786],[-77.4511405,37.5280829],[-77.4517037,37.527877],[-77.4519398,37.5278004],[-77.4522938,37.5275877],[-77.4526264,37.5274345],[-77.4527863,37.527345],[-77.4533078,37.5272662],[-77.453624,37.5272419],[-77.4539233,37.5273064],[-77.4540748,37.5272558],[-77.4538263,37.5271562],[-77.4534924,37.5271201],[-77.453263,37.5271265],[-77.4531868,37.5270361],[-77.4531598,37.5270041],[-77.4532496,37.5268552],[-77.4533234,37.526667],[-77.4532966,37.5266468],[-77.4532322,37.5266478],[-77.4530579,37.5266808],[-77.452841,37.5267048],[-77.4521085,37.5269569],[-77.4505768,37.5274174],[-77.449587,37.5276682],[-77.4490209,37.5278635],[-77.448999,37.5279535],[-77.4490799,37.5279941],[-77.44918,37.5279701],[-77.449558,37.5278261],[-77.4496861,37.527767],[-77.449793,37.5277504],[-77.4497879,37.5278435],[-77.449738,37.5278925],[-77.4496382,37.5279319],[-77.4495451,37.5279408],[-77.4493454,37.5280632],[-77.4492959,37.5281519],[-77.4492793,37.5282083],[-77.4492028,37.528261],[-77.4490782,37.5282871],[-77.4489656,37.5283655],[-77.4489044,37.5284525],[-77.4489097,37.528528],[-77.4488167,37.5286279],[-77.4486979,37.528717],[-77.448653,37.5288394],[-77.448554,37.5289742],[-77.4484445,37.5291895],[-77.448235,37.5294179],[-77.4480108,37.5296044],[-77.4476588,37.5297915],[-77.4472297,37.5300297],[-77.4465859,37.530336],[-77.4457644,37.5306777],[-77.4442998,37.5341436],[-77.4443571,37.5341737],[-77.4445462,37.5342317],[-77.4447313,37.5345238],[-77.4452923,37.5344673],[-77.4453894,37.5344427],[-77.4455503,37.5344016],[-77.4457402,37.5343405],[-77.4457848,37.5343422],[-77.4459824,37.5343216],[-77.4464865,37.5343335],[-77.4465357,37.534296],[-77.4465971,37.5342919],[-77.4466814,37.5343005],[-77.4467921,37.5343029],[-77.4468694,37.5343052],[-77.4469501,37.5343015],[-77.4470551,37.5343108],[-77.4471878,37.5342988],[-77.4473019,37.5343026],[-77.4474105,37.5343018],[-77.4475257,37.534289],[-77.4476504,37.5342692],[-77.4477857,37.5342621],[-77.4479087,37.534241],[-77.4480386,37.5342351],[-77.4482211,37.5342011],[-77.4483572,37.5341973],[-77.4484641,37.5342035],[-77.4485442,37.5342049],[-77.4486269,37.534188],[-77.4487361,37.5341738],[-77.4489218,37.5341097],[-77.44991,37.5339919],[-77.4528769,37.5336873],[-77.4531567,37.5336544],[-77.4536073,37.5335257],[-77.4537894,37.5334829],[-77.453941,37.5334493],[-77.4540091,37.5334179],[-77.4540977,37.533361],[-77.4541824,37.5333424],[-77.4542567,37.5333293],[-77.4543499,37.5333146],[-77.4544404,37.5332974],[-77.4544958,37.5332468],[-77.4545762,37.5332144],[-77.4546358,37.5331842],[-77.4547077,37.5331805],[-77.4547623,37.5331862],[-77.454804,37.5331924],[-77.4548372,37.5331829],[-77.4548925,37.5331405],[-77.4549412,37.5330914],[-77.4549656,37.5330446],[-77.45499,37.5330186],[-77.4550166,37.532998],[-77.4550474,37.5329332],[-77.4550748,37.5328573],[-77.4551031,37.5328371],[-77.4551068,37.5328029],[-77.4551404,37.5327404],[-77.4551489,37.5327247],[-77.45521,37.532673],[-77.4553398,37.532625],[-77.4554674,37.5325228],[-77.4555932,37.5324248],[-77.4559285,37.5322744],[-77.4563897,37.5321338],[-77.456652,37.5320864],[-77.4567729,37.5320841],[-77.4568362,37.5321164],[-77.4568774,37.5321687],[-77.45692,37.5322043],[-77.4569906,37.5322335],[-77.4569988,37.5322492],[-77.4569878,37.5322993],[-77.4569635,37.5323346],[-77.4569461,37.5323685],[-77.4569169,37.5324102],[-77.4568782,37.5324351],[-77.4567176,37.5325081],[-77.4563618,37.5326508],[-77.4561282,37.5327453],[-77.4558825,37.532843],[-77.4557461,37.5328945],[-77.455624,37.5329832],[-77.4555255,37.5330515],[-77.4551492,37.5333112],[-77.455201,37.5333648],[-77.4556138,37.533074],[-77.4556608,37.5330567],[-77.4557387,37.5330206],[-77.4558024,37.5329815],[-77.4558362,37.5329778],[-77.4558536,37.5329842],[-77.4558736,37.5329968],[-77.4558887,37.5329955],[-77.4558977,37.53299],[-77.4559032,37.5329759],[-77.455913,37.5329685],[-77.4559178,37.5329566],[-77.4559348,37.5329417],[-77.4559513,37.5329218],[-77.4559816,37.5328992],[-77.4571206,37.5324399],[-77.4571852,37.5324301],[-77.4572299,37.5324164],[-77.4572448,37.5324075],[-77.457256,37.5323932],[-77.4572566,37.5323782],[-77.4572532,37.5323144],[-77.4572913,37.5322875],[-77.4573253,37.5322632],[-77.4573447,37.5322273],[-77.4573931,37.5321946],[-77.4574408,37.5321635],[-77.4574809,37.5321617],[-77.4575084,37.532148],[-77.4575334,37.5321234],[-77.4575632,37.5321091],[-77.4576056,37.5321089],[-77.4576367,37.5321058],[-77.4576628,37.5320889],[-77.4583065,37.5315784],[-77.4586498,37.531102],[-77.4593794,37.5304554],[-77.4598641,37.5300902],[-77.4602377,37.5298087],[-77.4611389,37.5294003],[-77.4618111,37.5292649],[-77.463051,37.5294061],[-77.4636669,37.5294468],[-77.464081,37.5294741],[-77.4646818,37.5294061],[-77.4661054,37.5289738],[-77.4673386,37.5289044],[-77.4685875,37.5290086],[-77.4704553,37.5290811],[-77.4712955,37.5291503],[-77.4718051,37.5291628],[-77.4719275,37.5291658],[-77.4732206,37.5293987],[-77.4744919,37.5298027],[-77.4750316,37.5298014],[-77.4752567,37.5298009],[-77.4755812,37.5298909],[-77.4758202,37.5299696],[-77.4760101,37.5301183],[-77.4762148,37.5302665],[-77.4764607,37.5303257],[-77.4766997,37.5303797],[-77.4770189,37.5305018],[-77.4773348,37.5307007],[-77.4777004,37.530957],[-77.4779407,37.5310974],[-77.4781842,37.5312174],[-77.4784206,37.5312875],[-77.4786123,37.5313918],[-77.4787795,37.5315689],[-77.4790493,37.5318546],[-77.4805103,37.5322799],[-77.4828581,37.5329635],[-77.4831183,37.5330463],[-77.4837661,37.5332453],[-77.4838012,37.5332617],[-77.4843213,37.5335048],[-77.4852081,37.5341841],[-77.4855868,37.5344086],[-77.4855203,37.5345453],[-77.4856683,37.5346256],[-77.4860685,37.5346746],[-77.4866044,37.5348873],[-77.4870765,37.5351425],[-77.4874706,37.5353378],[-77.4880017,37.5358397],[-77.4882183,37.5359899],[-77.4886357,37.5361886],[-77.4890645,37.5363432],[-77.4895573,37.5365738],[-77.4901648,37.5368488],[-77.4903088,37.5370181],[-77.490176,37.5371472],[-77.4904799,37.5372873],[-77.4914292,37.5376929],[-77.4922888,37.5380909],[-77.4924691,37.5382233],[-77.4925436,37.538278],[-77.4925702,37.5383831],[-77.4926517,37.5385143],[-77.4928848,37.5388012],[-77.4932314,37.5391151],[-77.493859,37.5394941],[-77.494452,37.539793],[-77.4946439,37.5399078],[-77.4948565,37.540035],[-77.4958492,37.5403125],[-77.4968874,37.5404264],[-77.4977916,37.5408028],[-77.4984906,37.5411996],[-77.4987344,37.5414576],[-77.4997198,37.5428084],[-77.5004165,37.5435798],[-77.5014046,37.5447117],[-77.5028602,37.5460559],[-77.5041654,37.5471924],[-77.5052935,37.5480071],[-77.5060649,37.5485381],[-77.5072875,37.5492902],[-77.509304,37.5503652],[-77.5111,37.5510576],[-77.5138624,37.5519811],[-77.5151972,37.552673],[-77.5159897,37.5530003],[-77.5167143,37.5532541],[-77.5174344,37.5538257],[-77.5175805,37.5545016],[-77.5176467,37.5546455],[-77.5176778,37.5547093],[-77.5180606,37.5553254],[-77.5180744,37.5553544],[-77.5182754,37.5557208],[-77.5183026,37.5558201],[-77.5183171,37.5559275],[-77.5182953,37.5560039],[-77.5182882,37.5560286],[-77.5182735,37.5560258],[-77.518215,37.5560159],[-77.5181574,37.5560061],[-77.5181425,37.5560541],[-77.517928,37.5565985],[-77.5175417,37.5569727],[-77.5171555,37.5573299],[-77.5170482,37.5577892],[-77.5173486,37.5586738],[-77.5176705,37.5593031],[-77.5181211,37.5598645],[-77.5187648,37.5604258],[-77.5195373,37.5610211],[-77.5203098,37.5615484],[-77.5210179,37.5618886],[-77.5214899,37.5620417],[-77.5220264,37.5621948],[-77.523275,37.5624323],[-77.5236357,37.5625009],[-77.5250627,37.5629453],[-77.5256608,37.5631792],[-77.5260437,37.5631919],[-77.5265325,37.5630452],[-77.527482,37.5626498],[-77.528369,37.562325],[-77.52903,37.5621167],[-77.5294158,37.562019],[-77.5299114,37.5619332],[-77.5304293,37.5619238],[-77.5309635,37.5620009],[-77.531386,37.5620837],[-77.5322215,37.5621562],[-77.5328011,37.5621703],[-77.5335306,37.5621455],[-77.5351694,37.5620684],[-77.5375431,37.5621501],[-77.5377953,37.5621319],[-77.5394473,37.5621477],[-77.5425212,37.5626324],[-77.5435082,37.5627462],[-77.5441992,37.5628259],[-77.5448815,37.5629046],[-77.5459939,37.5628921]],[[-77.5504732,37.5612804],[-77.5505886,37.5612294],[-77.5506422,37.5612145],[-77.5506824,37.56124],[-77.5506663,37.5612826],[-77.5505161,37.561425],[-77.5504839,37.5614633],[-77.5504625,37.5615101],[-77.5504115,37.5615866],[-77.5503847,37.5616249],[-77.5503498,37.561661],[-77.5502694,37.5617333],[-77.5502291,37.5617631],[-77.5501326,37.5618269],[-77.5500843,37.5618524],[-77.5498885,37.5619523],[-77.5498402,37.5619736],[-77.5496739,37.5620288],[-77.5494942,37.5620607],[-77.5493842,37.5620969],[-77.5488129,37.5622245],[-77.5487646,37.5622415],[-77.5486547,37.562267],[-77.5486144,37.5622351],[-77.5486547,37.5622053],[-77.5486976,37.5621819],[-77.5488451,37.5621118],[-77.549293,37.5618417],[-77.549977,37.5615611],[-77.5504142,37.5613017],[-77.5504732,37.5612804]],[[-77.4904878,37.5323477],[-77.4908784,37.5324679],[-77.4911349,37.5325834],[-77.4913235,37.5327018],[-77.4915576,37.5329639],[-77.4916678,37.5331004],[-77.4919156,37.5333133],[-77.4919294,37.5334552],[-77.4920042,37.5336278],[-77.4919363,37.5337118],[-77.4919707,37.5339302],[-77.4917642,37.5340667],[-77.4913993,37.5340613],[-77.4912822,37.5339466],[-77.4910412,37.5338811],[-77.4906144,37.5336955],[-77.4903321,37.5336081],[-77.4899397,37.5333078],[-77.4896023,37.5331386],[-77.4893476,37.5329966],[-77.4889138,37.5328765],[-77.4891062,37.5327637],[-77.4892461,37.5326713],[-77.4894093,37.5326158],[-77.4898407,37.532528],[-77.4900622,37.5324263],[-77.4902021,37.5323939],[-77.4903945,37.5323523],[-77.4904878,37.5323477]],[[-77.4901718,37.5322249],[-77.4901007,37.5322912],[-77.4899921,37.5323708],[-77.4897998,37.5323774],[-77.4895783,37.5324636],[-77.489386,37.5324868],[-77.4891686,37.5324404],[-77.48906,37.5323343],[-77.4888217,37.5322316],[-77.4888008,37.5321321],[-77.4889053,37.5320559],[-77.489014,37.5320493],[-77.4892397,37.5320393],[-77.4894403,37.5320625],[-77.4897371,37.5321056],[-77.4899503,37.5321487],[-77.4901133,37.5321553],[-77.4901718,37.5322249]],[[-77.4912451,37.5313114],[-77.4910294,37.5313253],[-77.4907437,37.5313114],[-77.4904056,37.5312467],[-77.4900966,37.5312513],[-77.489811,37.5311866],[-77.4894961,37.5311033],[-77.4891755,37.5310849],[-77.4889598,37.5309739],[-77.4890589,37.5308999],[-77.4892863,37.5308075],[-77.4895253,37.5307289],[-77.4898576,37.5306965],[-77.4906271,37.530715],[-77.4907962,37.5307659],[-77.491076,37.5308213],[-77.4912859,37.5309785],[-77.4912917,37.5310802],[-77.491315,37.5312282],[-77.4912451,37.5313114]],[[-77.4861726,37.5338462],[-77.486311,37.5338742],[-77.4869566,37.5341218],[-77.4875836,37.5343615],[-77.4878733,37.5345008],[-77.488034,37.5345964],[-77.488593,37.5348814],[-77.4888685,37.5349127],[-77.4893582,37.5351335],[-77.489432,37.5352721],[-77.489649,37.5352768],[-77.4896536,37.5351823],[-77.4896898,37.5350972],[-77.4898426,37.5351249],[-77.4899628,37.5353219],[-77.4901168,37.5355447],[-77.4902707,37.53574],[-77.4905384,37.5361443],[-77.4901661,37.5359752],[-77.489992,37.5359559],[-77.4895119,37.5360016],[-77.4891399,37.5359238],[-77.4889184,37.5357015],[-77.4886092,37.535499],[-77.4882956,37.5354137],[-77.4878314,37.5350041],[-77.4874665,37.5348289],[-77.4872304,37.5347132],[-77.4869692,37.5345908],[-77.4869188,37.5344798],[-77.4868305,37.5344173],[-77.4865073,37.5342952],[-77.4862525,37.5339742],[-77.4862083,37.5339189],[-77.4861726,37.5338462]],[[-77.5285066,37.5611912],[-77.5276483,37.5616505],[-77.5270475,37.5621267],[-77.5266398,37.5623308],[-77.5258888,37.5623819],[-77.5253309,37.5622458],[-77.5212968,37.5609701],[-77.5205243,37.5606299],[-77.5189365,37.5595243],[-77.5183571,37.5587078],[-77.5182069,37.5581294],[-77.5182713,37.5575851],[-77.5185073,37.5571088],[-77.5189365,37.5567516],[-77.5196231,37.5565134],[-77.5199464,37.556276],[-77.5202198,37.5559511],[-77.5204001,37.5555634],[-77.5203523,37.5552762],[-77.5201566,37.5550939],[-77.5199021,37.5547273],[-77.5196531,37.5543641],[-77.5202075,37.5546302],[-77.520655,37.554933],[-77.5209862,37.5548916],[-77.5218903,37.5551135],[-77.5224941,37.5552175],[-77.522992,37.5554418],[-77.5234426,37.5559351],[-77.5238717,37.5565645],[-77.5239562,37.5567376],[-77.5240649,37.5569727],[-77.5247515,37.5579083],[-77.5253079,37.5584836],[-77.5257386,37.5589289],[-77.525965,37.559092],[-77.5264467,37.5594392],[-77.5268173,37.5599663],[-77.5268426,37.5600022],[-77.5271762,37.5604768],[-77.5285066,37.5611912]],[[-77.4634124,37.5245018],[-77.4630852,37.5245231],[-77.4626024,37.524438],[-77.4620981,37.5243699],[-77.4615939,37.5243614],[-77.4610789,37.5243486],[-77.4604835,37.524455],[-77.4605961,37.5243529],[-77.4607678,37.5242891],[-77.4613471,37.5242082],[-77.4620606,37.5242423],[-77.4628384,37.5243742],[-77.4634124,37.5245018]],[[-77.4719369,37.526254],[-77.4714755,37.5261689],[-77.4696195,37.525769],[-77.4683749,37.5258541],[-77.4676883,37.5259902],[-77.4670016,37.5258966],[-77.4675595,37.5256158],[-77.4685251,37.5253265],[-77.4690616,37.5250542],[-77.4704456,37.5254116],[-77.4714541,37.5258881],[-77.4719369,37.526254]],[[-77.4766704,37.5265535],[-77.4765711,37.5266684],[-77.4764719,37.5267471],[-77.47626,37.526713],[-77.4759623,37.5266471],[-77.4757772,37.5266152],[-77.4756565,37.5265833],[-77.4755358,37.5266471],[-77.4753883,37.5265705],[-77.4752434,37.5264918],[-77.4751523,37.5263408],[-77.4751308,37.5262174],[-77.4753856,37.5261429],[-77.4755707,37.5261132],[-77.4757799,37.5261068],[-77.4760159,37.5261557],[-77.4762654,37.5262068],[-77.4764773,37.5262684],[-77.4765282,37.5262982],[-77.4766087,37.5263259],[-77.4767079,37.5263918],[-77.4766355,37.5264918],[-77.4766704,37.5265535]],[[-77.4714729,37.5246717],[-77.4714703,37.5247653],[-77.4714032,37.5248015],[-77.4712342,37.5248568],[-77.4705959,37.5247994],[-77.4697429,37.5246398],[-77.4694613,37.5245802],[-77.4699602,37.5244441],[-77.4704054,37.5244143],[-77.4710706,37.5245717],[-77.4714729,37.5246717]],[[-77.4652206,37.5249096],[-77.4647593,37.5250798],[-77.4642121,37.5249521],[-77.4635147,37.5249181],[-77.4625062,37.5248756],[-77.4617445,37.5249266],[-77.460736,37.5249521],[-77.4601244,37.5250883],[-77.459588,37.5250798],[-77.4597167,37.5249436],[-77.4604785,37.5247394],[-77.4618303,37.5246203],[-77.462989,37.5246798],[-77.4639761,37.5246713],[-77.4652206,37.5249096]],[[-77.4583317,37.5281571],[-77.4581041,37.5276413],[-77.4582342,37.5272746],[-77.4593414,37.5271741],[-77.4593657,37.5272674],[-77.4588561,37.5275003],[-77.4586779,37.5278813],[-77.4583317,37.5281571]],[[-77.4685037,37.5250457],[-77.4674415,37.525335],[-77.466787,37.525786],[-77.4651884,37.5254967],[-77.4641692,37.5254797],[-77.4621522,37.5253946],[-77.4606931,37.5253946],[-77.4604678,37.5252414],[-77.4619591,37.5251904],[-77.4629461,37.5251053],[-77.4646091,37.5252499],[-77.4653172,37.5252329],[-77.466036,37.5249947],[-77.4669051,37.5249691],[-77.467817,37.5249266],[-77.4685037,37.5250457]],[[-77.4615617,37.5269608],[-77.4616888,37.5270346],[-77.4616923,37.527048],[-77.4617181,37.5271489],[-77.4617105,37.5272713],[-77.4616362,37.5273369],[-77.4607892,37.5274331],[-77.4604674,37.5274841],[-77.4602152,37.5276671],[-77.4598647,37.5276334],[-77.4596316,37.5275046],[-77.4596252,37.5273035],[-77.4596922,37.5271292],[-77.4615617,37.5269608]],[[-77.4724788,37.525312],[-77.4726987,37.5254779],[-77.4729991,37.5256311],[-77.4735114,37.5258481],[-77.4741069,37.5260395],[-77.4744314,37.526182],[-77.4741122,37.5263501],[-77.4739781,37.5263161],[-77.4736509,37.5261927],[-77.4732673,37.5260182],[-77.4728355,37.5258523],[-77.472578,37.5256226],[-77.4723688,37.5255375],[-77.4721542,37.5254333],[-77.4718672,37.5252227],[-77.4715775,37.5251014],[-77.4713066,37.5250759],[-77.4712959,37.5250014],[-77.4717465,37.5249908],[-77.471781,37.5249898],[-77.4720362,37.5249695],[-77.4723312,37.5250695],[-77.4724788,37.525312]],[[-77.4735302,37.5263267],[-77.4736831,37.5264011],[-77.4736375,37.526482],[-77.4735114,37.5264926],[-77.4730447,37.5263075],[-77.4724841,37.5260799],[-77.4719665,37.5258162],[-77.471481,37.5255843],[-77.470789,37.525329],[-77.4704591,37.5252099],[-77.4705154,37.5251163],[-77.4714837,37.5254439],[-77.4718619,37.5255992],[-77.4724841,37.5258885],[-77.4730393,37.526148],[-77.4735302,37.5263267]],[[-77.4802109,37.527398],[-77.4799615,37.5274469],[-77.479535,37.5274575],[-77.4790549,37.5273576],[-77.4784138,37.527181],[-77.4778666,37.5270236],[-77.4774214,37.5268811],[-77.4772658,37.5267747],[-77.4771103,37.5266896],[-77.4767133,37.5266705],[-77.4767482,37.5265684],[-77.4769011,37.526462],[-77.4770942,37.526445],[-77.4771559,37.5262812],[-77.4775582,37.5263301],[-77.4778211,37.5264088],[-77.478041,37.5264556],[-77.4784406,37.5265301],[-77.4787706,37.5265939],[-77.4792024,37.5267556],[-77.4795082,37.5269619],[-77.4796369,37.5270725],[-77.479771,37.5271087],[-77.4799078,37.527198],[-77.4801036,37.5272852],[-77.4802109,37.527398]],[[-77.4707128,37.5263328],[-77.4698223,37.526486],[-77.4694361,37.5264434],[-77.4685778,37.5263839],[-77.4679769,37.5262648],[-77.4691035,37.5260435],[-77.4700154,37.5262222],[-77.4707128,37.5263328]],[[-77.5299174,37.5597574],[-77.5299795,37.5596774],[-77.53029,37.5596528],[-77.5305617,37.5596528],[-77.5307636,37.5596774],[-77.5310664,37.5597882],[-77.531276,37.5598067],[-77.5315089,37.5597267],[-77.5317198,37.5596654],[-77.5319415,37.5596485],[-77.5322077,37.5596159],[-77.5324949,37.5596159],[-77.5327123,37.5596897],[-77.5329142,37.559659],[-77.5330539,37.5596159],[-77.5331859,37.5596651],[-77.533248,37.5597082],[-77.5330772,37.5597944],[-77.5328598,37.5598313],[-77.5327045,37.5598867],[-77.5326347,37.5599975],[-77.5324872,37.5600775],[-77.5321533,37.5601267],[-77.5319204,37.5600959],[-77.5316099,37.5600775],[-77.531012,37.5600775],[-77.5304763,37.5599852],[-77.5300804,37.5598559],[-77.5299174,37.5597574]],[[-77.5354762,37.5597955],[-77.535373,37.5598416],[-77.5351084,37.5598723],[-77.534876,37.559862],[-77.5347599,37.5598774],[-77.5346566,37.5598365],[-77.5347276,37.5597853],[-77.5347922,37.5597341],[-77.5349148,37.5597034],[-77.5350826,37.5597188],[-77.5352891,37.5596574],[-77.5354504,37.5596779],[-77.5355408,37.5597341],[-77.5354762,37.5597955]],[[-77.5360507,37.5598805],[-77.5362138,37.5598251],[-77.5364777,37.559819],[-77.5366641,37.559819],[-77.5368116,37.5598682],[-77.5368349,37.5599359],[-77.5367339,37.5600036],[-77.5365554,37.5600098],[-77.5362759,37.5599729],[-77.5360507,37.5598805]],[[-77.5333412,37.5601944],[-77.533248,37.5601082],[-77.5333101,37.5600467],[-77.5335275,37.5599852],[-77.5337759,37.5599605],[-77.5342185,37.5599113],[-77.5345057,37.5599852],[-77.5351191,37.5600344],[-77.5355073,37.5600713],[-77.5357868,37.5600836],[-77.5356703,37.5601821],[-77.5353287,37.5602498],[-77.5349095,37.5602498],[-77.5344436,37.5602313],[-77.5340011,37.5602006],[-77.5335586,37.5602067],[-77.5333412,37.5601944]],[[-77.5318505,37.5611545],[-77.5319825,37.5610806],[-77.5321766,37.5610745],[-77.5324578,37.5610384],[-77.532658,37.5611114],[-77.5328986,37.5611668],[-77.5332014,37.561216],[-77.533512,37.5611791],[-77.5337527,37.5611668],[-77.5341564,37.5610437],[-77.5345446,37.5610745],[-77.5348473,37.5610314],[-77.5351035,37.5610437],[-77.5352511,37.5611176],[-77.5351657,37.5611607],[-77.534793,37.5612037],[-77.534498,37.5612899],[-77.5343039,37.5612837],[-77.5341176,37.5612468],[-77.5339235,37.561296],[-77.5336517,37.5613822],[-77.5332713,37.5613637],[-77.5328521,37.5613514],[-77.5324872,37.5613391],[-77.5320679,37.5612283],[-77.5318505,37.5611545]],[[-77.5352821,37.5614314],[-77.5349638,37.5614622],[-77.5348085,37.5614314],[-77.5349017,37.5613637],[-77.5350803,37.5613084],[-77.5352666,37.5613391],[-77.5353365,37.5613822],[-77.5352821,37.5614314]],[[-77.5272988,37.5597705],[-77.5273504,37.559745],[-77.5274279,37.5597859],[-77.5276279,37.5599087],[-77.5279207,37.5600964],[-77.5282217,37.5602668],[-77.5284346,37.5603947],[-77.5286153,37.5604663],[-77.5286928,37.5605737],[-77.5288218,37.5606658],[-77.5286992,37.5606658],[-77.528525,37.5606351],[-77.5283636,37.5605379],[-77.5281722,37.5604953],[-77.5279054,37.5603895],[-77.5277183,37.5602463],[-77.5275118,37.5600314],[-77.5273956,37.5598831],[-77.5272988,37.5597705]],[[-77.4472712,37.5310982],[-77.4472652,37.5310815],[-77.4473103,37.5310529],[-77.4473645,37.5310075],[-77.4474518,37.5309646],[-77.447536,37.5309312],[-77.4476143,37.5309097],[-77.4476985,37.5308524],[-77.4478068,37.5307832],[-77.4478971,37.5307355],[-77.4479573,37.530714],[-77.4479994,37.5307164],[-77.4480085,37.5307427],[-77.4479814,37.5307856],[-77.4479212,37.5308644],[-77.4478279,37.5309431],[-77.4476413,37.5310052],[-77.4475119,37.5310672],[-77.4473886,37.5310958],[-77.4473194,37.5311006],[-77.4472712,37.5310982]],[[-77.4532705,37.5321737],[-77.4530066,37.5321491],[-77.452991,37.5320444],[-77.453255,37.5319151],[-77.4536509,37.5317058],[-77.4539693,37.5315457],[-77.4542798,37.5315211],[-77.4544429,37.5315395],[-77.4543652,37.5317366],[-77.4542022,37.5318905],[-77.4537363,37.5320136],[-77.4532705,37.5321737]],[[-77.4957578,37.5381103],[-77.4957792,37.5379444],[-77.4959348,37.5378721],[-77.495933,37.5377383],[-77.4963425,37.5373234],[-77.4968682,37.5371447],[-77.496895,37.537434],[-77.4963961,37.5374978],[-77.4975978,37.5376212],[-77.4975978,37.5378126],[-77.496482,37.5378764],[-77.496448,37.537893],[-77.4958973,37.5381614],[-77.4957578,37.5381103]],[[-77.4944665,37.5369283],[-77.4943899,37.5367663],[-77.4943048,37.5366111],[-77.4943133,37.5364222],[-77.4944069,37.5362602],[-77.4945516,37.536078],[-77.4946792,37.5360982],[-77.4947218,37.5361792],[-77.4947728,37.5362939],[-77.4948069,37.5364424],[-77.4948664,37.5365774],[-77.494943,37.5367326],[-77.494943,37.536881],[-77.494892,37.536962],[-77.4947558,37.537016],[-77.4946197,37.5370092],[-77.4944665,37.5369283]],[[-77.4465668,37.5333998],[-77.4464522,37.5333749],[-77.4464023,37.5333544],[-77.4463321,37.5333353],[-77.4463099,37.5333192],[-77.4463321,37.5333031],[-77.4463783,37.5332928],[-77.4463968,37.533265],[-77.446443,37.5332621],[-77.4465372,37.5332811],[-77.4466093,37.533306],[-77.4466481,37.5333397],[-77.4466407,37.533369],[-77.4466241,37.5333925],[-77.4466019,37.5333969],[-77.4465668,37.5333998]],[[-77.519229,37.5524933],[-77.5187935,37.5525166],[-77.5187006,37.5523924],[-77.5185146,37.5523692],[-77.5186321,37.5522877],[-77.5188522,37.5522605],[-77.5191703,37.5522644],[-77.519229,37.5524933]],[[-77.520095,37.5528346],[-77.5199727,37.5528346],[-77.5197819,37.5527687],[-77.5193611,37.5526174],[-77.5194443,37.5525049],[-77.5198259,37.5526523],[-77.520095,37.5528346]],[[-77.5201907,37.5556903],[-77.5199611,37.5559217],[-77.5199221,37.5558539],[-77.5199961,37.5556687],[-77.5200895,37.5554249],[-77.5201985,37.5553324],[-77.5202452,37.5554589],[-77.5201907,37.5556903]],[[-77.5732216,37.5594128],[-77.572895,37.559359],[-77.5719307,37.5591856],[-77.5716749,37.5591539],[-77.5714716,37.5590684],[-77.5713977,37.5590098],[-77.5714038,37.5589438],[-77.5714469,37.5589072],[-77.5717581,37.5589658],[-77.5728088,37.559171],[-77.5732494,37.5592784],[-77.5735205,37.5594225],[-77.5732216,37.5594128]]]}},{"type":"Feature","id":"relation/1656327","bbox":[-77.4457644,37.5223465,-77.4198896,37.5341436],"properties":{"@id":1656327,"@type":"relation","natural":"water","type":"multipolygon","water":"river"},"geometry":{"type":"Polygon","coordinates":[[[-77.4204263,37.5249286],[-77.4208596,37.5250198],[-77.4209044,37.5249716],[-77.4209628,37.5249605],[-77.4210309,37.5249762],[-77.4211358,37.525053],[-77.421208,37.5251483],[-77.4214643,37.5252668],[-77.4216247,37.5253695],[-77.4217567,37.5254434],[-77.4218022,37.5254963],[-77.4218103,37.5255401],[-77.4217822,37.5255965],[-77.4217606,37.5256618],[-77.4217655,37.5257284],[-77.4217674,37.525755],[-77.4217647,37.5258188],[-77.4217781,37.5258762],[-77.4218144,37.5259347],[-77.421864,37.525972],[-77.4219096,37.5259741],[-77.4219847,37.5259539],[-77.4221013,37.5259028],[-77.4221724,37.5258358],[-77.4221872,37.525789],[-77.4221885,37.5257507],[-77.4221523,37.525688],[-77.4221188,37.525638],[-77.4221174,37.525604],[-77.4221442,37.525571],[-77.4221791,37.5255614],[-77.4222637,37.5255668],[-77.4224496,37.5256255],[-77.4226251,37.5257137],[-77.4230802,37.5259383],[-77.4233218,37.5260688],[-77.4235568,37.5262201],[-77.423836,37.5263979],[-77.424408,37.5267622],[-77.4249163,37.5271345],[-77.4251363,37.5272695],[-77.4254211,37.5274187],[-77.4274188,37.5284682],[-77.4293798,37.5295869],[-77.4299303,37.5299722],[-77.4317289,37.5309797],[-77.4318666,37.5310479],[-77.4321879,37.5309668],[-77.432219,37.5311054],[-77.4331103,37.531334],[-77.4334087,37.5315569],[-77.4341333,37.532428],[-77.4345956,37.5325879],[-77.4347763,37.5326696],[-77.4349971,37.5327326],[-77.435137,37.5327625],[-77.4353367,37.5328091],[-77.4355813,37.5328884],[-77.4357082,37.532987],[-77.435828,37.5330745],[-77.4359199,37.5331321],[-77.4360028,37.533198],[-77.4360851,37.5330562],[-77.4361513,37.5329422],[-77.4364277,37.532897],[-77.4370487,37.5330017],[-77.4372107,37.5328836],[-77.4389198,37.5330176],[-77.4396462,37.5331444],[-77.4401439,37.5332312],[-77.4407998,37.5333248],[-77.4416798,37.533517],[-77.4417015,37.5335217],[-77.4423123,37.5336256],[-77.4430688,37.5336894],[-77.4438539,37.533916],[-77.4442277,37.5341068],[-77.4442998,37.5341436],[-77.4457644,37.5306777],[-77.4455241,37.5306663],[-77.4449705,37.5305778],[-77.4445693,37.530174],[-77.4439658,37.5300936],[-77.4431933,37.5298979],[-77.4424852,37.5294555],[-77.4420617,37.5287265],[-77.441981,37.5285876],[-77.4400533,37.5275097],[-77.4388993,37.5274289],[-77.4373114,37.5274658],[-77.4364027,37.527504],[-77.4358005,37.5274518],[-77.4353435,37.5273435],[-77.4349967,37.5271996],[-77.4333333,37.5272182],[-77.4320527,37.5271271],[-77.4306752,37.526953],[-77.4296341,37.5267514],[-77.4286274,37.5262067],[-77.4279041,37.5258522],[-77.4217337,37.522802],[-77.4216384,37.5227549],[-77.420351,37.5223465],[-77.4198896,37.5242525],[-77.4202602,37.5246926],[-77.4204263,37.5249286]],[[-77.4366172,37.5315426],[-77.4370249,37.5318659],[-77.4367888,37.5319978],[-77.4361773,37.5319765],[-77.4358554,37.5318021],[-77.4356623,37.5315979],[-77.4356301,37.5313172],[-77.4359573,37.5313129],[-77.4362685,37.5313639],[-77.4366172,37.5315426]],[[-77.4386143,37.5300082],[-77.4384157,37.5300598],[-77.4381569,37.5300689],[-77.4379402,37.5300709],[-77.4377045,37.5300656],[-77.4374808,37.5300579],[-77.4372555,37.5299814],[-77.4370088,37.5295049],[-77.4367705,37.5293785],[-77.4366947,37.529295],[-77.4365311,37.5291949],[-77.4364859,37.5291332],[-77.4364498,37.5290715],[-77.4364798,37.5290294],[-77.436576,37.5290309],[-77.4366719,37.5290005],[-77.4367857,37.5289494],[-77.4369229,37.528871],[-77.4369758,37.5287516],[-77.4370347,37.5287139],[-77.4371513,37.5287476],[-77.4371886,37.5287955],[-77.4371802,37.5288361],[-77.4371669,37.528897],[-77.4371844,37.5289274],[-77.4372593,37.5289259],[-77.4372938,37.5289013],[-77.437326,37.5288556],[-77.4374084,37.5288495],[-77.4375699,37.5288392],[-77.4377109,37.5288628],[-77.4377994,37.5289103],[-77.4379249,37.5289914],[-77.4380569,37.5290796],[-77.4382189,37.5291297],[-77.4384086,37.5292274],[-77.4385756,37.5293263],[-77.4386765,37.5294181],[-77.4387578,37.5295799],[-77.4387743,37.5297205],[-77.4387488,37.52983],[-77.4386921,37.5299311],[-77.4386143,37.5300082]],[[-77.4402435,37.5294283],[-77.4405976,37.5303089],[-77.4404205,37.5303812],[-77.4401201,37.5303302],[-77.4396051,37.5294241],[-77.4391918,37.5292168],[-77.439052,37.5293089],[-77.4389274,37.5292792],[-77.4388058,37.5291348],[-77.4383606,37.5284498],[-77.4372609,37.5283137],[-77.4369498,37.5281946],[-77.4377008,37.5282159],[-77.4386825,37.5283307],[-77.4390097,37.5284583],[-77.4394657,37.5286626],[-77.4400504,37.5289859],[-77.4402435,37.5294283]],[[-77.4359145,37.5300677],[-77.4340193,37.5301915],[-77.4338683,37.5301833],[-77.4336339,37.5301706],[-77.4334815,37.5301565],[-77.433262,37.5301384],[-77.4329786,37.5300979],[-77.4326643,37.5300118],[-77.4323823,37.5299171],[-77.4319683,37.5297491],[-77.4315271,37.5295608],[-77.4314642,37.5295345],[-77.4300818,37.5289578],[-77.4295888,37.5286353],[-77.4290411,37.5282771],[-77.4290039,37.5282052],[-77.429079,37.528129],[-77.4293268,37.5281807],[-77.4296503,37.5282625],[-77.4308236,37.5284371],[-77.431665,37.5284825],[-77.4321182,37.5284966],[-77.4324253,37.5285622],[-77.4326052,37.5286313],[-77.4327683,37.5286658],[-77.4329662,37.5286917],[-77.4331382,37.5287089],[-77.433438,37.5287497],[-77.4339704,37.5288534],[-77.4341119,37.5288857],[-77.4343194,37.5289332],[-77.4343494,37.52894],[-77.4346201,37.5289322],[-77.4356608,37.5291024],[-77.4362831,37.5294342],[-77.4364333,37.5297065],[-77.4367432,37.5299505],[-77.436833,37.5300576],[-77.4368495,37.5301544],[-77.4368223,37.5302316],[-77.4367483,37.530275],[-77.4365298,37.5302348],[-77.436326,37.530166],[-77.4359145,37.5300677]],[[-77.4367068,37.5282336],[-77.4368021,37.5282811],[-77.4368336,37.52838],[-77.4367981,37.528491],[-77.4366429,37.5285561],[-77.4363245,37.5286366],[-77.4360841,37.5286703],[-77.4358144,37.5286124],[-77.43564,37.5285634],[-77.4355852,37.5285047],[-77.4356217,37.5284765],[-77.4357809,37.5284339],[-77.4361714,37.5282948],[-77.4364026,37.5282272],[-77.4366206,37.5281975],[-77.4367068,37.5282336]],[[-77.4325903,37.5307683],[-77.4326978,37.5308439],[-77.4327444,37.5309115],[-77.4327444,37.5309774],[-77.4326755,37.5310192],[-77.4325883,37.5310337],[-77.4324666,37.5310176],[-77.4324251,37.5309737],[-77.4323591,37.5309116],[-77.4323298,37.5308243],[-77.4323616,37.5307429],[-77.4324472,37.5307254],[-77.4325274,37.5307265],[-77.4325903,37.5307683]],[[-77.4378678,37.5309595],[-77.4380887,37.530939],[-77.4382608,37.5310231],[-77.4383612,37.5311528],[-77.4383408,37.5312711],[-77.4382664,37.53133],[-77.4380824,37.5313497],[-77.4378134,37.5313048],[-77.4374701,37.5311953],[-77.4372011,37.5311083],[-77.4371516,37.5310437],[-77.4371481,37.5309792],[-77.4372094,37.5309323],[-77.437402,37.530884],[-77.4375623,37.5309001],[-77.4376921,37.5309307],[-77.4377833,37.5309452],[-77.4378678,37.5309595]],[[-77.4360729,37.5305913],[-77.4361986,37.5306245],[-77.4363076,37.5306359],[-77.4364238,37.5306507],[-77.4365973,37.5306472],[-77.436702,37.5306723],[-77.4367723,37.5307155],[-77.4368612,37.5308019],[-77.436953,37.5308577],[-77.4370017,37.5309282],[-77.4369214,37.5309919],[-77.4367464,37.5310226],[-77.4366819,37.5310112],[-77.4365586,37.5309611],[-77.4365103,37.5308597],[-77.4364214,37.5308438],[-77.4362851,37.5308358],[-77.4362479,37.5308643],[-77.4363439,37.5309302],[-77.4364128,37.5309769],[-77.43642,37.5310212],[-77.4363798,37.5310462],[-77.4362636,37.5310485],[-77.4361389,37.5310303],[-77.4359696,37.5310019],[-77.4358248,37.5309746],[-77.4357029,37.5308734],[-77.4356986,37.530862],[-77.4356972,37.5307767],[-77.435756,37.5307107],[-77.4355623,37.5306038],[-77.4354706,37.5305902],[-77.4354318,37.5305458],[-77.4354505,37.5304765],[-77.4355208,37.5304708],[-77.4357517,37.5304821],[-77.4359825,37.5305276],[-77.4360729,37.5305913]],[[-77.4385237,37.5317026],[-77.438684,37.5317782],[-77.4387773,37.5318875],[-77.4387813,37.5319873],[-77.4387164,37.5320677],[-77.4385968,37.5320789],[-77.438469,37.5320661],[-77.4382966,37.5320146],[-77.4382074,37.5319326],[-77.4380877,37.531865],[-77.4379721,37.5318296],[-77.4378585,37.5317717],[-77.4376922,37.5317219],[-77.4375928,37.5316817],[-77.4374853,37.5316302],[-77.4374042,37.5315675],[-77.4373961,37.5315353],[-77.4374934,37.5315144],[-77.4377328,37.5315337],[-77.4381019,37.5315948],[-77.4383432,37.5316591],[-77.4385237,37.5317026]],[[-77.4349515,37.5306706],[-77.435032,37.5308152],[-77.4350964,37.5309599],[-77.4353016,37.5312706],[-77.4353163,37.5315098],[-77.4353933,37.5317583],[-77.4354038,37.5318879],[-77.4353666,37.5319757],[-77.4353064,37.5320004],[-77.4351917,37.5319654],[-77.4349463,37.5318767],[-77.4347281,37.5318389],[-77.4343172,37.5315319],[-77.4339806,37.5312066],[-77.4338625,37.5310322],[-77.4337874,37.5308705],[-77.4338196,37.5307429],[-77.4339537,37.5306919],[-77.4341308,37.5306663],[-77.4344312,37.5305983],[-77.4347906,37.5305898],[-77.4349515,37.5306706]],[[-77.4362626,37.5324541],[-77.4361465,37.5324039],[-77.4360586,37.5323536],[-77.4360199,37.5322755],[-77.4360093,37.5322113],[-77.4360656,37.5322002],[-77.4362626,37.5321974],[-77.4363928,37.5322364],[-77.436516,37.5322685],[-77.4366216,37.5322867],[-77.4367031,37.5323224],[-77.4367635,37.5323748],[-77.4368139,37.5323961],[-77.4368232,37.5324273],[-77.4368138,37.5324843],[-77.4367949,37.5325312],[-77.4367359,37.5325301],[-77.4366673,37.5325113],[-77.436516,37.5324904],[-77.4364315,37.5324541],[-77.4364069,37.5324318],[-77.4363295,37.5324513],[-77.4362626,37.5324541]],[[-77.4346413,37.532199],[-77.4345798,37.5321055],[-77.4345199,37.5320134],[-77.4345287,37.531998],[-77.4345551,37.5319925],[-77.4345674,37.5319743],[-77.4345938,37.5319673],[-77.434615,37.5319743],[-77.4346537,37.5319687],[-77.4346888,37.5319687],[-77.4347399,37.5319673],[-77.4347997,37.5319813],[-77.4348525,37.5319994],[-77.4349053,37.5320218],[-77.4349492,37.5320427],[-77.4349862,37.532058],[-77.4350372,37.5321111],[-77.4350372,37.5321655],[-77.4350372,37.5321948],[-77.4350302,37.5322185],[-77.4350143,37.5322464],[-77.4349862,37.5322562],[-77.434958,37.5322562],[-77.4349369,37.532245],[-77.4349123,37.5322506],[-77.4348736,37.5322687],[-77.4348208,37.5322757],[-77.4347803,37.5322673],[-77.4347399,37.5322631],[-77.4346836,37.532245],[-77.4346413,37.532199]],[[-77.4345481,37.5322799],[-77.4345006,37.5322757],[-77.4344408,37.5322687],[-77.434395,37.5322589],[-77.4343598,37.5322324],[-77.4343335,37.5322087],[-77.4343194,37.5321766],[-77.4342859,37.5321292],[-77.4342525,37.5320413],[-77.4342596,37.532012],[-77.4342772,37.5319869],[-77.4343053,37.5319673],[-77.4343405,37.5319673],[-77.4344091,37.5319925],[-77.4344408,37.532012],[-77.4344707,37.5320357],[-77.4345024,37.5320622],[-77.4345147,37.5320943],[-77.434534,37.5321208],[-77.4345446,37.5321473],[-77.4345727,37.532185],[-77.4345833,37.5322031],[-77.4346026,37.5322157],[-77.434622,37.5322408],[-77.4346237,37.5322645],[-77.4346132,37.5322785],[-77.4345938,37.5322813],[-77.4345481,37.5322799]],[[-77.4340975,37.532056],[-77.4340127,37.5320489],[-77.4339288,37.5320003],[-77.4338871,37.5319589],[-77.4338638,37.531919],[-77.4338384,37.5318782],[-77.4337662,37.531831],[-77.433733,37.5317618],[-77.4337333,37.5317266],[-77.4337068,37.5316878],[-77.4336251,37.5315083],[-77.4336158,37.5314406],[-77.4337184,37.5314697],[-77.4338196,37.5315257],[-77.4339806,37.5316235],[-77.4341629,37.5318022],[-77.4341898,37.5319553],[-77.4341737,37.5320361],[-77.4340975,37.532056]],[[-77.436011,37.5330053],[-77.4359687,37.5329895],[-77.435899,37.5329461],[-77.4358418,37.5328987],[-77.4358169,37.5328534],[-77.4358094,37.5328218],[-77.4358219,37.5327961],[-77.4358542,37.5327823],[-77.4358965,37.5327823],[-77.4359438,37.5327863],[-77.4359861,37.5327863],[-77.4360383,37.5327922],[-77.4360682,37.5328021],[-77.4361105,37.5328593],[-77.4361205,37.5329007],[-77.436113,37.53295],[-77.4360931,37.5329757],[-77.4360558,37.5330053],[-77.436011,37.5330053]],[[-77.4354724,37.5327523],[-77.4354095,37.5327064],[-77.4352667,37.5326684],[-77.4351215,37.5326432],[-77.4350312,37.5326129],[-77.4349951,37.5325254],[-77.4349955,37.5324989],[-77.4350173,37.532466],[-77.4350611,37.5324273],[-77.4351359,37.5324343],[-77.4351877,37.5324651],[-77.4352741,37.5324727],[-77.4353278,37.5324608],[-77.4353757,37.5324743],[-77.4354034,37.5325182],[-77.4354502,37.5325334],[-77.4355013,37.5325266],[-77.4355481,37.5325266],[-77.4355821,37.53253],[-77.4356204,37.5325536],[-77.4356438,37.5325806],[-77.4356821,37.5325925],[-77.4357268,37.5325857],[-77.4357694,37.5325823],[-77.4358119,37.5326076],[-77.4358332,37.532638],[-77.4358268,37.53266],[-77.4357545,37.5327376],[-77.4357396,37.5327595],[-77.4357098,37.5327933],[-77.4356715,37.5328118],[-77.4355885,37.5328017],[-77.4355289,37.5327848],[-77.4354724,37.5327523]],[[-77.4391814,37.5322904],[-77.4391423,37.5322689],[-77.4391182,37.5322284],[-77.4391122,37.5321926],[-77.4391393,37.5321568],[-77.4391964,37.532109],[-77.4391994,37.5320494],[-77.4392386,37.5319897],[-77.4392506,37.5319348],[-77.4392867,37.5318847],[-77.4393409,37.5318561],[-77.4394101,37.5318633],[-77.4394462,37.53188],[-77.4395064,37.5318847],[-77.4395967,37.53188],[-77.4396568,37.53188],[-77.4397381,37.5318943],[-77.4398254,37.5319277],[-77.4398705,37.5319611],[-77.4399006,37.5319993],[-77.4399066,37.5320303],[-77.4399036,37.5320828],[-77.4398765,37.5321234],[-77.4398374,37.5321401],[-77.4398013,37.5321401],[-77.4397652,37.5321425],[-77.43972,37.5321425],[-77.4396538,37.5321425],[-77.4396147,37.532152],[-77.4396027,37.5321782],[-77.4395937,37.5322045],[-77.4395575,37.532226],[-77.4395154,37.5322451],[-77.4394733,37.5322331],[-77.4394251,37.5322236],[-77.439383,37.5322427],[-77.4393288,37.5322618],[-77.4392807,37.5322618],[-77.4392657,37.5322403],[-77.4392265,37.5322427],[-77.4392085,37.5322642],[-77.4391814,37.5322904]],[[-77.4378866,37.5308214],[-77.4378249,37.5308079],[-77.4377504,37.5307758],[-77.4376929,37.5307336],[-77.4376525,37.5307125],[-77.4376249,37.5306914],[-77.437654,37.530656],[-77.4377002,37.5306409],[-77.4377585,37.5306376],[-77.4378156,37.5306445],[-77.4378659,37.5306516],[-77.4379112,37.5306792],[-77.4379636,37.5307075],[-77.4380391,37.5307229],[-77.4381083,37.5307097],[-77.4381616,37.5307068],[-77.438217,37.5307214],[-77.43823,37.5307438],[-77.4382308,37.5307623],[-77.4382111,37.5307859],[-77.4381632,37.5308096],[-77.4381313,37.5308433],[-77.4380887,37.5308602],[-77.438044,37.5308737],[-77.4380057,37.5308737],[-77.4379653,37.5308669],[-77.4379249,37.530845],[-77.4378866,37.5308214]],[[-77.4381956,37.5305201],[-77.4381174,37.5304891],[-77.4380271,37.5304509],[-77.4379429,37.530408],[-77.4379068,37.5303698],[-77.4379218,37.530334],[-77.4379669,37.5303197],[-77.4380632,37.530334],[-77.4381475,37.5303364],[-77.4382829,37.5303603],[-77.4383912,37.5303698],[-77.4385026,37.5303841],[-77.4385959,37.5304032],[-77.4387223,37.5304295],[-77.4387674,37.5304557],[-77.4387734,37.5305082],[-77.4387764,37.5305512],[-77.4387343,37.5305631],[-77.4387156,37.5305628],[-77.4385838,37.5305607],[-77.4384936,37.5305583],[-77.4384033,37.5305488],[-77.438304,37.5305225],[-77.4381956,37.5305201]],[[-77.4376994,37.5326383],[-77.4376228,37.5326282],[-77.4375739,37.5326096],[-77.4375675,37.5325944],[-77.4375739,37.5325708],[-77.4376122,37.5325573],[-77.437642,37.5325573],[-77.4376909,37.5325607],[-77.437742,37.5325624],[-77.4378271,37.5325607],[-77.4378739,37.5325624],[-77.4379016,37.5325708],[-77.4379292,37.5325928],[-77.4379399,37.5326113],[-77.437942,37.5326265],[-77.4379548,37.5326451],[-77.4379399,37.5326569],[-77.4379101,37.5326586],[-77.4378909,37.5326501],[-77.437842,37.532667],[-77.4377845,37.5326721],[-77.4377441,37.5326603],[-77.4376994,37.5326383]],[[-77.438051,37.5325969],[-77.4379983,37.5325646],[-77.4379367,37.5325312],[-77.4378689,37.5325038],[-77.4377802,37.5324871],[-77.4377095,37.5324763],[-77.4376613,37.5324441],[-77.4376508,37.5324334],[-77.4376598,37.5324203],[-77.4376869,37.5324107],[-77.4376809,37.5323916],[-77.4376809,37.5323606],[-77.4377245,37.5323487],[-77.4377681,37.5323463],[-77.4378118,37.5323511],[-77.4378554,37.5323833],[-77.4378765,37.5324143],[-77.4379096,37.5324358],[-77.4379607,37.5324334],[-77.4380074,37.5324346],[-77.4380736,37.5324417],[-77.4381067,37.5324549],[-77.4381443,37.532468],[-77.4381578,37.5324895],[-77.4381969,37.5325157],[-77.4382391,37.5325432],[-77.4382782,37.5325754],[-77.4383248,37.5325957],[-77.438379,37.5326112],[-77.4384166,37.5326136],[-77.4384497,37.5326338],[-77.4384738,37.5326637],[-77.4384903,37.5326792],[-77.4384678,37.5326935],[-77.4384347,37.5327114],[-77.4383925,37.5327114],[-77.4383655,37.5326995],[-77.4383294,37.5326804],[-77.4382887,37.5326649],[-77.4382556,37.5326589],[-77.438227,37.5326362],[-77.4381804,37.5326291],[-77.4381338,37.5326291],[-77.4380841,37.5326231],[-77.438051,37.5325969]],[[-77.4380987,37.5323549],[-77.4380415,37.5323346],[-77.4380054,37.5322988],[-77.4379949,37.532269],[-77.4380099,37.5322427],[-77.43803,37.5322156],[-77.4380741,37.532198],[-77.4381112,37.5321891],[-77.4381341,37.5321904],[-77.4381651,37.5321978],[-77.4381938,37.5322173],[-77.4382122,37.5322348],[-77.438246,37.532246],[-77.4382955,37.5322684],[-77.4383344,37.5322845],[-77.4383519,37.5323072],[-77.4383689,37.532324],[-77.4383998,37.5323386],[-77.4384586,37.5323533],[-77.4385041,37.5323685],[-77.4385198,37.5323821],[-77.4385151,37.5323999],[-77.4384937,37.5324115],[-77.4384419,37.5324132],[-77.4383865,37.5324023],[-77.4383387,37.5323924],[-77.4383078,37.5323954],[-77.4382687,37.5323859],[-77.4382416,37.5323632],[-77.4382055,37.532362],[-77.4381845,37.5323763],[-77.4381393,37.5323751],[-77.4381303,37.5323608],[-77.4380987,37.5323549]]]}},{"type":"Feature","id":"relation/6243497","bbox":[-77.4594738,37.5247265,-77.4531789,37.5273324],"properties":{"@id":6243497,"@type":"relation","intermittent":"yes","leisure":"park","natural":"bare_rock","tidal":"no","type":"multipolygon","water":"river"},"geometry":{"type":"Polygon","coordinates":[[[-77.4577065,37.527249],[-77.4576797,37.5271129],[-77.4573525,37.526958],[-77.4572827,37.5266705],[-77.457466,37.5265397],[-77.4577623,37.5263795],[-77.458298,37.5260948],[-77.4589191,37.5257647],[-77.4590925,37.5253845],[-77.4593998,37.5252013],[-77.4593859,37.5249878],[-77.4594467,37.5248291],[-77.4594738,37.5247584],[-77.4594228,37.5247265],[-77.4590369,37.5248155],[-77.4588223,37.5248581],[-77.4586989,37.5249049],[-77.458656,37.52479],[-77.4583771,37.524773],[-77.4574168,37.5247857],[-77.4570199,37.5248751],[-77.4564781,37.5250836],[-77.456183,37.5252282],[-77.4558343,37.5253729],[-77.4554696,37.5255473],[-77.4551852,37.5256962],[-77.4547024,37.5258876],[-77.454225,37.5261131],[-77.4538012,37.5262791],[-77.4535062,37.5263726],[-77.4534686,37.526456],[-77.4533292,37.5267155],[-77.4532701,37.5268704],[-77.4531789,37.5270006],[-77.4532648,37.5271155],[-77.4534955,37.5271112],[-77.4538388,37.527141],[-77.4540174,37.5272198],[-77.4540748,37.5272558],[-77.454225,37.5272388],[-77.4543859,37.5272558],[-77.454622,37.5273324],[-77.4549814,37.5272235],[-77.4553408,37.5270772],[-77.4556318,37.5269221],[-77.455833,37.5267024],[-77.456367,37.5268538],[-77.4567106,37.5270531],[-77.4571862,37.5270857],[-77.4575027,37.527164],[-77.4577065,37.527249]]]}},{"type":"Feature","id":"relation/13728921","bbox":[-77.4299948,37.5249286,-77.4204263,37.5316732],"properties":{"@id":13728921,"@type":"relation","name":"James River and Kanawha Canal","natural":"water","type":"multipolygon","water":"canal","wikidata":"Q2936081"},"geometry":{"type":"Polygon","coordinates":[[[-77.4204263,37.5249286],[-77.4205352,37.5251159],[-77.4207082,37.5252819],[-77.4210392,37.5257595],[-77.4210928,37.5258369],[-77.4210969,37.5258624],[-77.4210636,37.5258764],[-77.4210502,37.5259988],[-77.4215397,37.5267199],[-77.421663,37.5268943],[-77.4221109,37.5271751],[-77.4221496,37.5272302],[-77.4221432,37.5272623],[-77.4221644,37.527328],[-77.4225026,37.5275718],[-77.4226123,37.5276344],[-77.4226512,37.5276344],[-77.4226836,37.527609],[-77.4227504,37.5276152],[-77.4228526,37.5276675],[-77.4231675,37.5278875],[-77.4231984,37.5279353],[-77.4232214,37.52801],[-77.4232684,37.5280643],[-77.4236144,37.5282897],[-77.4237981,37.5283025],[-77.4242916,37.5286428],[-77.4244096,37.5287875],[-77.4262443,37.5299744],[-77.4274942,37.5307912],[-77.4277999,37.5309486],[-77.4283632,37.5311826],[-77.4289533,37.5314038],[-77.4295058,37.5315612],[-77.4299444,37.5316732],[-77.4299948,37.5316032],[-77.4297968,37.5311723],[-77.4292223,37.5309641],[-77.4290748,37.5309237],[-77.4288674,37.5308847],[-77.4286636,37.5308231],[-77.4283928,37.5307636],[-77.4279526,37.5306017],[-77.4276766,37.5304509],[-77.4273153,37.5301963],[-77.4269819,37.5300234],[-77.4265822,37.5297787],[-77.4260779,37.5294383],[-77.4258321,37.5292446],[-77.4244418,37.5283067],[-77.4238088,37.5278175],[-77.4229571,37.5272744],[-77.4227413,37.5271368],[-77.4222907,37.5269028],[-77.4221485,37.5268358],[-77.4220517,37.5267378],[-77.4219621,37.5266539],[-77.4218897,37.5265189],[-77.4217701,37.5263304],[-77.4216497,37.5261955],[-77.4215732,37.5261689],[-77.4215341,37.5261145],[-77.4214902,37.5260528],[-77.4214509,37.5259975],[-77.421364,37.5258807],[-77.421246,37.5258041],[-77.4212149,37.5258039],[-77.4211934,37.5257869],[-77.4208413,37.5252506],[-77.4208227,37.5252119],[-77.420844,37.5251376],[-77.4208596,37.5250198],[-77.4204263,37.5249286]]]}}]}